ID,TEXTO,RESPUESTA_A,RESPUESTA_B,RESPUESTA_C,RESPUESTA_D,CORRECTA_A,CORRECTA_B,CORRECTA_C,CORRECTA_D,ORIGEN,AVISO
22,¿Cuál de los siguientes es un objetivo de la metodología LEAN?,Reducir el tiempo de proceso.,Reducir esperas o colas.,Reducir pérdidas de tiempo por movimientos.,Todas las anteriores son correctas.,N,N,N,S,,
49,¿Cuál de las siguientes NO es un marco de referencia de desarrollo ágil?,Extreme Programming XP.,Kanban.,Waterfall.,Scrumban.,N,N,S,N,,
137,"CASO PRACTICO 5: La empresa IAMEDICS tiene como principal objeto de negocio el desarrollo de Software para la Salud. Como valor fundamental inculca en sus equipos un marco de trabajo basado en el uso de principios y buenas prácticas para gestionar el trabajo que desarrollan, fomentar el trabajo en equipo y conseguir los mejores resultados. El Servicio Andaluz de Salud, como organización sanitaria, se plantea la gestión de sus Tecnologías Sanitarias, basándose en las estrategias y prácticas de mercado desarrolladas por empresas exitosas como es el caso de IAMEDICS, que son tomadas como referencia por los equipos de Tecnologías de la Información y Comunicaciones. Se exponen a continuación cuestiones a la que podrían enfrentarse los equipos TIC en este contexto. Durante el desarrollo, el equipo decide utilizar el marco de trabajo Scrum. Se consideran los Sprint de 15 días. ¿Cuál de los siguientes, debe considerarse en el Sprint?",La reunión de planificación.,Scrums diarios.,El trabajo de desarrollo.,Todas son correctas.,N,N,N,S,,
138,"CASO PRACTICO 5: La empresa IAMEDICS tiene como principal objeto de negocio el desarrollo de Software para la Salud. Como valor fundamental inculca en sus equipos un marco de trabajo basado en el uso de principios y buenas prácticas para gestionar el trabajo que desarrollan, fomentar el trabajo en equipo y conseguir los mejores resultados. El Servicio Andaluz de Salud, como organización sanitaria, se plantea la gestión de sus Tecnologías Sanitarias, basándose en las estrategias y prácticas de mercado desarrolladas por empresas exitosas como es el caso de IAMEDICS, que son tomadas como referencia por los equipos de Tecnologías de la Información y Comunicaciones. Se exponen a continuación cuestiones a la que podrían enfrentarse los equipos TIC en este contexto. Durante el desarrollo, el equipo decide utilizar el marco de trabajo Scrum. Se consideran los Sprint de 15 días. El equipo de desarrollo debe seleccionar los elementos de la Lista de Producto para cada Sprint, más el Plan para terminarlos. ¿Qué nombre recibe la Lista de Pendientes del Sprint?",Sprint Review.,Sprint Backlog.,Sprint Goal.,Product backlog.,N,S,N,N,,
192,"¿Qué tipo de metodologías se basan en las buenas prácticas dentro de la ingeniería del software, siguiendo un marco de disciplina estricto y un riguroso proceso secuencial de aplicación?",Metodologías ágiles.,Metodologías tradicionales.,Metodologías híbridas.,Metodologías flexibles.,N,S,N,N,,
194,¿Cuál de estos principios NO forma parte del Manifiesto Ágil?,Los responsables de negocio y los desarrolladores trabajamos juntos de forma cotidiana durante todo el proyecto.,"Las mejores arquitecturas, requisitos y diseños emergen de equipos bien gestionados por sus líderes.",El software funcionando es la medida principal de progreso.,La atención continua a la excelencia técnica y al buen diseño mejora la Agilidad.,N,S,N,N,,
195,¿Cuál de las siguientes NO es una característica de SCRUM?,Esta metodología es indicada para requisitos cambiantes y poco definidos.,Se realizan entregas parciales y regulares del producto final.,Está especialmente indicado para proyectos en entornos poco complejos.,Está especialmente indicado cuando se necesita obtener resultados en poco tiempo.,N,N,S,N,,
228,"El concepto de DevOps, ¿a cuál de estas definiciones correspondería?",DevOps es el conjunto de técnicas que hacen que los desarrolladores puedan operar los servidores en producción sin interacción con los administradores.,"DevOps es una estrategia orientada hacia la compartición del conocimiento entre los miembros del equipo, de forma que los desarrolladores no realicen su labor de programación aisladamente del equipo de sistemas, y que este segundo no realice las funciones sin la participación y colaboración de los primeros.",DevOps es el nombre con que se conoce al producto de software libre que ayuda en los despliegues de contenedores de aplicaciones.,DevOps es el paradigma de desarrollo que complementa a Scrum en el ámbito del gobierno de IT.,N,S,N,N,,
308,"CASO PRÁCTICO 9: Desde el Servicio Andaluz de Salud se plantea el desarrollo de una aplicación para la notificación, mediante diferentes métodos (SMS, e-mail y notificaciones PUSH), de todas las citas a los pacientes. Se decide gestionar el proyecto bajo el marco de metodología ágil definido por la Oficina de Calidad de la STIC, basado en Scrum. ¿Qué entregable se debe entregar durante el Sprint (DoD)?",Manual de usuario.,Historias de Usuario.,Detección de requisitos.,Todos los entregables indicados se entregarán en el Sprint Planning (DoR).,S,N,N,N,,
334,¿Cuál de los siguientes NO es un principio del manifiesto ágil?,Nuestra mayor prioridad es satisfacer al cliente mediante la entrega temprana y continua de software con valor.,"Aceptamos que los requisitos cambien, incluso en etapas tardías del desarrollo. Los procesos ágiles aprovechan el cambio para proporcionar ventaja competitiva al cliente.",El software funcionando es la medida principal de progreso.,"El método más eficiente y efectivo de comunicar información al equipo de desarrollo y entre sus miembros es el intercambio de documentos formales, a ser posible, firmados.",N,N,N,S,,
335,¿Cómo se llama al resultado de un sprint de SCRUM? (Seleccione una),Incremento.,Producto.,Sprint backlog.,Pila del sprint.,S,N,N,N,,
438,"Lean IT como metodología de planificación de proyectos, los desperdicios como «Todo lo que exceda la cantidad mínima de equipos, materiales, piezas y tiempo de trabajo que sea absolutamente esencial para la producción de cualquier producto», podemos clasificarlos en:","Muda: Actividades que no agregan valor, simplemente son desperdicios.",Mura: Variabilidad en las operaciones. Son todos los recursos empleados porque la calidad es impredecible.,"Muri: Sobrecarga de personas, equipos o sistemas por demandas que superan su capacidad.",Todas las respuestas son correctas.,N,N,N,S,,
520,"En un Área de Gestión Sanitaria (AGS) se plantea la optimización y simplificación de los procesos de diagnóstico que permitan la accesibilidad a los resultados por parte de los profesionales de la Atención Primaria y Atención Especializada. Para ello se plantea la instalación en todos sus centros de los equipos electromédicos necesarios para llevar a cabo la transformación.
 Se define como ámbito funcional:
 - Previa a la cita del paciente con su especialista, se considera necesaria la realización de ciertas pruebas diagnósticas en su Centro de Salud.
 - El día de la cita, el especialista deberá tener acceso a los resultados de las pruebas en su sistema de información habitual.
 Se define como alcance del Proyecto:
 - Todas las pruebas diagnósticas por imagen deben enviarse al PAC Corporativo.
 - Todos los informes deben estar disponibles en la Historia Clínica Digital.
 
 ¿Cuál es la respuesta INCORRECTA si en la gestión de proyectos utilizamos metodología Agile?",SCRUM es un marco de gestión Agile.,El desarrollo Agile se centra en trabajar en base a cortos periodos de tiempo denominados sprints.,El desarrollo Agile se centra en trabajar en base a cortos periodos de tiempo en cascada.,"Con la implantación de las metodologías Agile, podemos tener mayor control de las desviaciones del proyecto, obtener feedbacks rápidos y precisos.",N,N,S,N,,
521,"En un Área de Gestión Sanitaria (AGS) se plantea la optimización y simplificación de los procesos de diagnóstico que permitan la accesibilidad a los resultados por parte de los profesionales de la Atención Primaria y Atención Especializada. Para ello se plantea la instalación en todos sus centros de los equipos electromédicos necesarios para llevar a cabo la transformación.
 Se define como ámbito funcional:
 - Previa a la cita del paciente con su especialista, se considera necesaria la realización de ciertas pruebas diagnósticas en su Centro de Salud.
 - El día de la cita, el especialista deberá tener acceso a los resultados de las pruebas en su sistema de información habitual.
 Se define como alcance del Proyecto:
 - Todas las pruebas diagnósticas por imagen deben enviarse al PAC Corporativo.
 - Todos los informes deben estar disponibles en la Historia Clínica Digital.
 
 Una herramienta ágil de gestión de proyectos diseñada para ayudar a visualizar el trabajo y tareas es:",Un tablero de kanban.,Un tablero de PDCA.,Un tablero de Katan.,Un tablero de ROAD.,S,N,N,N,,
587,Identifica qué metodología de desarrollo Agile es una de las más utilizadas:,SCREAM,SCRUM,SCRATCH,SCULPT,N,S,N,N,,
761,¿Cuál de las siguientes afirmaciones sobre la valoración de los elementos NO estaba incluida en el manifiesto por el Desarrollo Ágil de Software?,Individuos e interacciones sobre procesos y herramientas.,Documentación extensiva sobre software funcionando.,Colaboración con el cliente sobre negociación contractual.,Respuesta ante el cambio sobre seguir un plan.,N,S,N,N,,
762,"En la metodología LEAN para el desarrollo de software, ¿qué podemos considerar desperdicio?",Los papeles generados con los bocetos del diseño de la aplicación.,Un componente desarrollado que no es usado.,Una reunión de 2 horas que no genera valor para el proyecto.,Todas las respuestas son correctas.,N,N,N,S,,
832,"CASO PRÁCTICO 4: Un distrito sanitario del Servicio Andaluz de Salud ha hecho un análisis de los motivos por los que los pacientes acuden a sus centros de salud y ha observado que una gran proporción de las citas de recogida de resultados de analíticas son para comunicar resultados “normales”, es decir, no patológicos. Visto esto, la dirección del distrito solicita al equipo provincial TIC el desarrollo de una solución que permita enviar por SMS la comunicación de resultado “normal” a los pacientes que les corresponda dicho resultado y de este modo no tendrán que acudir al centro de salud. Este aplicativo que se va a desarrollar deberá cumplir los principios, derechos y garantías establecidos en el Reglamento (UE) 2016/679 General de Protección de Datos.  Para la creación de la solución de envío de SMS también se ha planteado utilizar una metodología ágil de desarrollo, concretamente Extreme Programming. ¿Cuál de los siguientes NO es uno de los valores de Extreme Programming?",Comunicación.,Simplicidad.,Transparencia.,Feedback.,N,N,S,N,,
845,"CASO PRÁCTICO 7: La Junta de Andalucía dispone de una suite productos propios orientados a toda la gestión de documentación, administración electrónica y registro electrónico con una amplia implantación en el entorno público (@ries, @firma, compuls@, etc.). El SAS ha decidido hacer una implantación masiva de dichas herramientas en sus centros.  Siguiendo el ejemplo de los despliegues masivos de grandes infraestructuras típicas del entorno Cloud, ha decidido usar para el despliegue de los productos técnicas de...",SCRUM,DEVOPS,CORBA,STEAM,N,S,N,N,,
966,Las metodologías de desarrollo ágil:,Son la gran solución a todos los problemas de desarrollo de aplicaciones.,No tienen la rigurosidad de las metodologías tradicionales,"Aportan otro punto de vista de cómo se pueden llegar a hacer las cosas, de forma más rápida, más adaptable y sin perder rigurosidad",No han tenido ningún tipo de éxito en el negocio de desarrollo de software,N,N,S,N,,
969,"En la metodología SCRUM, seleccione cuál es la función que debe desempeñar el Scrum Master.",Se asegura de que el equipo Scrum trabaje de forma adecuada desde la perspectiva del negocio,Realizan la entrega del incremento de producto generado en cada sprint,Es el responsable del cumplimiento de las reglas del marco scrum,"Ayuda al usuario a escribir las historias de usuario, las prioriza",N,N,S,N,,
972,"En la metodología SCRUM, el product backlog es una lista que:",Registra y prioriza los requisitos desde el punto de vista del cliente,Registra todas las historias de usuario,Registra los requisitos desde el punto de vista de los desarrolladores,Contiene todas las operaciones en el Log Backup de la Base de Datos,S,N,N,N,,
1049,¿A qué se refieren los conceptos “Product Backlog” y “Sprint Backlog” dentro de la metodología para la gestión y desarrollo de software Scrum?,"El Product Backlog está compuesto por el conjunto de todos los requisitos de proyecto, el cual contiene descripciones genéricas de funcionalidades deseables, priorizadas. Es abierto y puede ser modificado. El Sprint Backlog está compuesto por los requisitos que se escogen para desarrollarlos durante el siguiente sprint y no debe ser modificado a no ser que comprometa el éxito del proyecto.","El Product Backlog está compuesto por el conjunto de todos los requisitos de proyecto, el cual contiene descripciones genéricas de funcionalidades deseables, priorizadas. No debe ser modificado a no ser que comprometa el éxito del proyecto. El Sprint Backlog está compuesto por los requisitos que se escogen para desarrollarlos durante el siguiente sprint. Es abierto y puede ser modificado.",El Sprint Backlog es el Product Backlog dividido en entregas.,b y c son correctas.,S,N,N,N,,
1059,La Scrum Guide hace referencia al Sprint como el corazón de la metodología para la gestión y desarrollo de software Scrum. ¿Con qué principio del manifiesto ágil podemos relacionar el sprint?,"Aceptamos que los requisitos cambien, incluso en etapas tardías del desarrollo.","La simplicidad, o el arte de maximizar la cantidad de trabajo no realizado, es esencial.","Entregamos software funcional frecuentemente, entre dos semanas y dos meses, con preferencia al periodo de tiempo más corto posible.",A intervalos regulares el equipo reflexiona sobre cómo ser más efectivo para a continuación ajustar y perfeccionar su comportamiento en consecuencia.,N,N,S,N,,
1199,Indique cuál de las siguientes afirmaciones no es correcta en relación a los Métodos de desarrollo ágil:,La burndown chart es una gráfica mostrada públicamente que mide la cantidad de requisitos en el Backlog del proyecto pendientes al comienzo de cada Sprint.,En Scrum el cliente puede empezar a utilizar las características más importantes del proyecto antes de que esté completamente terminado.,En Kanban se debe definir cuantas tareas como mínimo pueden realizarse en cada fase del ciclo de trabajo.,"El tiempo que se tarda en terminar cada tarea se debe medir, a ese tiempo se le llama LEAD TIME y cuenta desde que se hace una petición hasta que se hace la entrega.",N,N,S,N,,
1208,Indica cuál de los siguientes no es un principio de la Metodología LEAN aplicada al desarrollo del Software:,Ampliar el aprendizaje.,Decidir lo antes posible.,Eliminar desperdicios.,Potenciar el equipo.,N,S,N,N,,
1296,"Caso práctico: En un Centro Sanitario se plantea la necesidad de implementar un Sistemas de Información. La propuesta surge por parte de la Dirección al considerarse parte de los objetivos estratégicos de la organización. El Sistema de Información debe estar orientado al Ciudadano y debe cumplir la normativa vigente. Entre las funcionalidades solicitadas: crear un canal de comunicación con los responsables clínicos, a fin de facilitar la comunicación con el paciente, deberá tener facilidad para ofrecer información de su historia Clínica, establecer contacto con sus referentes clínicos para el seguimiento de su tratamiento, generación de cuestionarios clínicos para el seguimiento en base a protocolos clínicos normalizados y capacidad para realizar trámites administrativos. Para el área de dirección se requiere el diseño de un módulo de Cuadro de Mandos para hacer el seguimiento real sobre el uso por parte de los profesionales y usuarios de este Sistema de Información.        Se considera utilizar como metodología de desarrollo ágil de software, SCRUM. En la reunión de planificación Sprint Planning, una vez definido el Sprint Backlog, se plantea cambiar el objetivo del sprint ¿se puede cambiar el objetivo del sprint cuando el sprint está en curso?","Sí, en cualquier momento del sprint se pueden cambiar los objetivos del sprint por el Equipo Scrum ya que estos equipos son autoorganizados.","No, no se realizan cambios que pueden afectar al objetivo del sprint cuando el sprint está en curso.","Sí, se pueden realizar cambios en el objetivo del sprint cuando está en curso si lo autoriza el ScrumMaster.","Sí, se pueden realizar cambios en el objetivo del sprint cuando está en curso en el marco del Scrum Diario (Daily Scrum).",N,S,N,N,,
1297,"Caso práctico: En un Centro Sanitario se plantea la necesidad de implementar un Sistemas de Información. La propuesta surge por parte de la Dirección al considerarse parte de los objetivos estratégicos de la organización. El Sistema de Información debe estar orientado al Ciudadano y debe cumplir la normativa vigente. Entre las funcionalidades solicitadas: crear un canal de comunicación con los responsables clínicos, a fin de facilitar la comunicación con el paciente, deberá tener facilidad para ofrecer información de su historia Clínica, establecer contacto con sus referentes clínicos para el seguimiento de su tratamiento, generación de cuestionarios clínicos para el seguimiento en base a protocolos clínicos normalizados y capacidad para realizar trámites administrativos. Para el área de dirección se requiere el diseño de un módulo de Cuadro de Mandos para hacer el seguimiento real sobre el uso por parte de los profesionales y usuarios de este Sistema de Información.        El equipo de proyecto deberá tener en cuenta todas las actuaciones orientadas a la mejora continua durante todo el desarrollo. Al finalizar un sprint, Scrum propone una reunión orientada a la mejora continua del proceso realizado. Esta reunión se denomina:",Revisión del Sprint.,Retrospectiva del Sprint.,Scrum diario.,Sprint Backlog.,N,S,N,N,,
1399,El desarrollo ágil de software. Indique la incorrecta:,"Adoptar una estrategia de desarrollo incremental, en lugar de la planificación y ejecución completa del producto.","Basar la calidad del resultado más en el conocimiento tácito de las personas en equipos auto organizados, que en la calidad de los procesos empleados.",La planificación se realizar una tras otra en un ciclo secuencial o en cascada.,"Las herramientas mejoran la eficiencia, pero sin personas con conocimiento técnico y actitud adecuada, no producen resultados.",N,N,S,N,,
1400,Un método de desarrollo de software ágil es:,AGSCRUM.,GKAMBU.,KANBAN.,PUKAM.,N,N,S,N,,
1401,El desarrollo de software ágil.,Tiene 12 principios.,No tiene definidos ningún principio.,"Dos de estos principios son: El software que funciona es la principal medida del progreso, Las personas del negocio y los desarrolladores deben trabajar juntos de forma cotidiana a través del proyecto.",Las respuestas A) y C) son correctas.,N,N,N,S,,
3461,¿Cuál de los siguientes principios del Manifiesto Ágil tiene como objetivo eliminar barreras entre los equipos técnicos y de negocio?,Simplicidad en el diseño,Entregas tempranas de valor,Colaboración continua con el cliente,Comunicación cara a cara,N,N,S,N,,
3462,¿Qué rol en Scrum es responsable de asegurar que el Product Backlog esté priorizado y alineado con los objetivos del negocio?,Scrum Master,Stakeholder,Development Team,Product Owner,N,N,N,S,,
3463,¿Qué artefacto en Scrum representa el trabajo completado y debe cumplir con la Definición de Hecho (DoD)?,Sprint Backlog,Incremento,Product Backlog,Historia de usuario,N,S,N,N,,
3464,"¿Qué técnica de estimación en Scrum se basa en la asignación de tallas como XS, S, M, L o XL?",Planning Poker,T-Shirt Sizing,MoSCoW,Wideband Delphi,N,S,N,N,,
3465,"En Kanban, ¿qué métrica se utiliza para medir el tiempo total desde que se inicia una tarea hasta que se completa?",Cycle Time,Throughput,Lead Time,Time to Market,N,N,S,N,,
3466,"¿Qué principio Lean implica producir solo lo que se necesita, en el momento que se necesita y en la cantidad justa?",Jidoka,Takt Time,Just-In-Time,Heijunka,N,N,S,N,,
3467,¿Cuál de los siguientes eventos de Scrum tiene como objetivo ajustar el proceso y fomentar la mejora continua del equipo?,Sprint Review,Sprint Planning,Daily Scrum,Sprint Retrospective,N,N,N,S,,
3468,¿Qué valor de Scrum promueve que todos los miembros del equipo compartan información y problemas abiertamente?,Enfoque,Compromiso,Respeto,Apertura,N,N,N,S,,
3469,¿Cuál es el objetivo principal del Sprint 0 en Scrum?,Obtener feedback de los stakeholders,Planificar la Release del producto,Establecer la infraestructura y el Product Backlog inicial,Definir la longitud de los sprints futuros,N,N,S,N,,
3470,"En Lean, ¿qué herramienta se utiliza para mapear procesos y detectar actividades que no agregan valor?",Diagrama de Ishikawa,Poka Yoke,Value Stream Mapping (VSM),5S,N,N,S,N,,
3471,¿Cuál de los siguientes no es un principio del Manifiesto Ágil?,Software funcionando sobre documentación extensiva,Colaboración con el cliente sobre negociación contractual,Seguimiento estricto del plan de proyecto,Respuesta ante el cambio sobre seguir un plan,N,N,S,N,,
3472,¿Qué práctica de Kanban se enfoca en establecer límites explícitos para cada fase del flujo de trabajo?,Visualizar el trabajo,Limitar el Trabajo en Curso (WiP),Revisión periódica,Autoorganización del equipo,N,S,N,N,,
3473,¿Qué tipo de ítem en el Product Backlog tiene como propósito explorar opciones técnicas antes de implementar una funcionalidad?,Historia de usuario,Tarea técnica,Spike,Deuda técnica,N,N,S,N,,
3474,"En DevOps, ¿qué práctica permite la implementación frecuente y automática de nuevas versiones del software en producción?",Integración continua (CI),Testing manual,Entrega continua (CD),Despliegue en cascada,N,N,S,N,,
3475,¿Cuál es la diferencia principal entre Lean y Scrum?,Scrum requiere roles específicos; Lean no,Lean usa tableros; Scrum no,Lean se basa en iteraciones; Scrum no,Scrum está centrado en eliminar desperdicios; Lean en desarrollo ágil,S,N,N,N,,
3476,¿Cuál de las siguientes herramientas Lean está enfocada en evitar errores humanos mediante dispositivos o controles?,5 Why,Poka Yoke,TPM,Spaghetti Chart,N,S,N,N,,
3477,¿Qué característica es exclusiva de los equipos autoorganizados en metodologías ágiles?,Toman decisiones jerárquicas,Requieren validación externa para actuar,Distribuyen su trabajo de forma autónoma,Ejecutan órdenes del Product Owner sin discusión,N,N,S,N,,
3478,¿Qué métrica en Kanban ayuda a identificar la cantidad de tareas completadas en un periodo determinado?,Lead Time,Takt Time,Throughput,Velocity,N,N,S,N,,
3479,¿Cuál de los siguientes NO es un rol oficial dentro de un equipo Scrum?,Product Owner,Scrum Master,Stakeholder,Development Team,N,N,S,N,,
3480,¿Qué principio de DevOps enfatiza que la seguridad debe incorporarse desde las etapas iniciales del desarrollo?,Everything as Code,Continuous Integration,DevSecOps,Delivery Pipeline,N,N,S,N,,
3481,¿Qué herramienta Lean visualiza movimientos innecesarios en el lugar de trabajo?,Takt Time,VSM,Spaghetti Chart,Jidoka,N,N,S,N,,
3482,¿Qué evento de Scrum tiene una duración máxima de 15 minutos diarios?,Sprint Planning,Sprint Review,Daily Scrum,Backlog Refinement,N,N,S,N,,
3483,¿Cuál es el criterio que define cuándo un ítem del Product Backlog se considera completado?,Planning Definition,Definition of Done,Acceptance Criteria,User Confirmation,N,S,N,N,,
3484,¿Qué tipo de tarea en el Product Backlog está orientada a corregir errores en el sistema?,Historia de usuario,Spike,Bug,Deuda técnica,N,N,S,N,,
3485,¿Cuál es el propósito principal de las métricas en DevOps?,Justificar el presupuesto del equipo,Mejorar la seguridad física de los servidores,Evaluar rendimiento y detectar problemas,Automatizar la toma de decisiones,N,N,S,N,,
3486,¿Qué evento de Scrum sirve para demostrar el incremento funcional del producto al cliente?,Sprint Retrospective,Sprint Planning,Sprint Review,Backlog Grooming,N,N,S,N,,
3487,¿Qué técnica Lean utiliza un ciclo de mejora continua Plan-Do-Check-Act?,Poka Yoke,Kaizen,TPM,Jidoka,N,S,N,N,,
3488,¿Cuál de las siguientes afirmaciones describe mejor el enfoque de Kanban hacia el cambio?,Requiere rediseñar toda la organización,Se implementa mediante cambios radicales,Parte de lo que ya se está haciendo,No permite ajustes evolutivos,N,N,S,N,,
3489,¿Qué herramienta DevOps permite empaquetar aplicaciones junto con todas sus dependencias?,Kubernetes,Git,Docker,Jenkins,N,N,S,N,,
3490,¿Cuál de las siguientes prácticas NO es parte de las 6 prácticas generales de Kanban?,Visualizar el trabajo,Hacer las políticas explícitas,Reuniones de refinamiento,Limitar el trabajo en curso,N,N,S,N,,
3491,¿Qué principio de Lean se relaciona con evitar acumulación de inventario y tareas no demandadas?,Pull System,Push System,Flujo Continuo,Just-In-Time,N,N,N,S,,
3492,¿Cuál es una ventaja principal de usar integración continua (CI)?,Aumenta la dependencia de tareas manuales,Reduce el número de pruebas automatizadas,Detecta errores tempranamente en el código,Elimina la necesidad de repositorios de código,N,N,S,N,,
3493,¿Qué evento en Scrum se recomienda realizar entre Sprint y Sprint para preparar el Product Backlog?,Sprint Planning,Refinamiento del Backlog,Sprint Review,Sprint Retrospective,N,S,N,N,,
3494,¿Cuál es el objetivo de la técnica '5 Why' en Lean?,Mapear el flujo de valor,Estandarizar procesos,Encontrar la causa raíz de un problema,Visualizar el estado de las tareas,N,N,S,N,,
3495,¿Cuál de los siguientes valores de Scrum está directamente relacionado con enfrentar decisiones difíciles sin miedo al fracaso?,Compromiso,Coraje,Enfoque,Respeto,N,S,N,N,,
3639,¿Cuál es el principal objetivo del Desarrollo Ágil de Software?,Seguir un plan detallado desde el inicio sin cambios,"Entregar software funcional de manera iterativa e incremental, adaptándose a cambios",Priorizar la documentación exhaustiva sobre el software funcionando,Evitar la comunicación constante con el cliente para reducir interferencias,N,S,N,N,,
3640,"En SCRUM, ¿qué rol es responsable de gestionar el Product Backlog?",Scrum Master,Product Owner,Development Team,Stakeholder,N,S,N,N,,
3641,¿Cuál de los siguientes es un principio clave de KANBAN?,Planificar sprints de 2 semanas,Limitar el trabajo en curso (WIP),Realizar reuniones diarias de 15 minutos obligatorias,Asignar tareas jerárquicamente,N,S,N,N,,
3642,"Según LEAN, ¿qué herramienta se usa para identificar y eliminar desperdicios en un proceso?",Sprint Retrospective,Value Stream Mapping (VSM),Daily Stand-up,Planning Poker,N,S,N,N,,
3643,"En DevOps, ¿qué significa CI/CD?",Control de Inventario/Control de Despliegue,Integración Continua/Entrega Continua,Comunicación Interna/Comunicación Externa,Coordinación Iterativa/Coordinación Diaria,N,S,N,N,,
3644,¿Cuál es el propósito de DevSecOps?,Reemplazar al equipo de desarrollo con expertos en seguridad,Integrar la seguridad en todas las fases del ciclo de vida del software,Retrasar las pruebas de seguridad hasta la fase de producción,Eliminar la necesidad de automatización en seguridad,N,S,N,N,,
3645,¿Qué artefacto de SCRUM contiene las tareas seleccionadas para un sprint específico?,Product Backlog,Sprint Backlog,Incremento,Definición de Hecho (DoD),N,S,N,N,,
3646,¿Cuál de estos NO es uno de los 7 desperdicios (Muda) en LEAN?,Sobreproducción,Inventario excesivo,Reuniones diarias,Movimientos innecesarios,N,N,S,N,,
3647,"En KANBAN, ¿qué métrica mide el tiempo total desde que se inicia una tarea hasta que se completa?",Cycle Time,Takt Time,Lead Time,Sprint Time,N,N,S,N,,
3648,¿Qué herramienta de DevOps permite gestionar infraestructura como código?,Jenkins,Docker,Terraform,Selenium,N,N,S,N,,
3649,"Durante un Sprint Review, el equipo muestra un Incremento que cumple con la Definition of Done (DoD), pero el stakeholder principal rechaza la funcionalidad argumentando que 'no cumple con las expectativas del negocio'. ¿Qué fallo fundamental del marco SCRUM se evidenció en esta situación?",El Scrum Master no facilitó adecuadamente la reunión,El Product Owner no validó los criterios de aceptación con los stakeholders antes del sprint,El Development Team no estimó bien la complejidad de las tareas,Los Daily Scrums no fueron efectivos para detectar el problema,N,S,N,N,,
3650,"Al implementar seguridad en pipelines CI/CD, ¿qué estrategia representa mejor el principio 'Security as Code'?",Realizar auditorías manuales de código cada 2 semanas,Exigir que los desarrolladores memoricen las OWASP Top 10,Integrar herramientas SAST/DAST que rechacen automáticamente builds con vulnerabilidades críticas,Contratar consultores externos para pruebas de penetración anuales,N,N,S,N,,
3651,"En un entorno SCRUM, ¿cuál de las siguientes situaciones violaría directamente el principio de 'Transparencia' como uno de los pilares empíricos?",El Product Owner actualiza el Product Backlog antes de cada Sprint Planning sin compartir los cambios con el Development Team,El Scrum Master facilita una Retrospectiva donde el equipo discute abiertamente los impedimentos del sprint,El equipo utiliza un tablero físico visible para todos con el estado actual de las tareas del Sprint Backlog,"Durante el Daily Scrum, cada miembro del equipo informa sobre su progreso usando el tablero Kanban compartido",S,N,N,N,,
3652,"En DevSecOps, ¿cuál de estas prácticas representa mejor el concepto de 'Shift Left Security'?",Realizar un pentest completo solo en la fase de producción antes del lanzamiento,Integrar escaneos de vulnerabilidades automatizados en el pipeline de CI/CD desde la etapa de commit del código,Contratar auditores externos para revisar la seguridad cada 6 meses,"Añadir un paso manual de revisión de seguridad al final del desarrollo, antes del despliegue",N,S,N,N,,
3653,"En un contexto LEAN, si un equipo identifica que el 40% del tiempo de su proceso de entrega se dedica a esperas entre departamentos, ¿qué herramienta sería MÁS efectiva para analizar y optimizar este desperdicio?",Utilizar un diagrama de Gantt para reorganizar las tareas,Aplicar Value Stream Mapping (VSM) para visualizar el flujo completo y los cuellos de botella,Implementar Planning Poker para reestimular las tareas bloqueadas,Aumentar el WIP (Work in Progress) para saturar los recursos y reducir tiempos muertos,N,S,N,N,,
3654,"Un equipo utiliza un tablero KANBAN con límites estrictos de WIP, pero observa que las tarjetas se acumulan en la columna 'En revisión'. ¿Qué métrica específica deberían analizar PRIMERO para diagnosticar la causa raíz?","El número de tareas rechazadas en la fase de ""En revisión""","El Cycle Time de las tareas en ""En revisión"" comparado con otras columnas",La cantidad promedio de reuniones diarias realizadas,El porcentaje de tareas completadas por el miembro más rápido del equipo,N,S,N,N,,
3655,"Al implementar Infrastructure as Code (IaC) en un pipeline DevOps, ¿qué problema crítico resuelve el uso de herramientas como Terraform con estados compartidos y bloqueos?",La necesidad de aprobación manual para cada despliegue,La inconsistencia en los entornos debido a cambios paralelos no coordinados,La falta de documentación sobre las configuraciones heredadas,El tiempo excesivo requerido para aprovisionar recursos en la nube,N,S,N,N,,
3656,Un equipo SCRUM quiere implementar DevOps pero tiene sprints con Definition of Done que incluye 'QA manual completo'. ¿Qué cambio FUNDAMENTAL deberían hacer para habilitar despliegues continuos?,Exigir que los desarrolladores escriban más pruebas unitarias,Automatizar el 100% de las pruebas de regresión y integración,Contratar más testers manuales para reducir la carga,Eliminar los sprints y trabajar solo con Kanban,N,S,N,N,,
3657,Un equipo aplica 5S en su espacio de trabajo pero sigue perdiendo 15 minutos diarios buscando componentes. ¿Qué principio LEAN adicional deberían implementar para resolver esto?,Kanban para visualizar el flujo de trabajo,Poka-Yoke en el sistema de almacenamiento,Heijunka para nivelar la producción,Jidoka para detener procesos cuando hay errores,N,S,N,N,,
3658,"En un proyecto que aplica SCRUM + DevOps + LEAN simultáneamente, observas que el throughput aumentó un 30% tras automatizar pruebas, pero el Lead Time se mantiene igual y el equipo reporta fatiga por 'deuda técnica oculta'. ¿Qué estrategia combina mejor los tres marcos para resolver esto?",Implementar WIP Limits (KANBAN) + Sprint Goals más flexibles (SCRUM) + Kaizen Blitz (LEAN),"Usar Value Stream Mapping (LEAN) para identificar desperdicios, ajustar Definition of Done (SCRUM) para incluir métricas de código, y agregar Security Gates al pipeline (DevOps)",Contratar más desarrolladores para distribuir la carga y reducir el Lead Time,Eliminar las retrospectivas para ganar tiempo y enfocarse en entregar features,N,S,N,N,,
3659,"Si un equipo tiene mayor throughput con el mismo Lead Time, ¿qué significa esto exactamente?",Las tareas individuales se completan más rápido gracias a la automatización,Se realizan más tareas en paralelo pero cada una tarda lo mismo en completarse,El equipo está trabajando horas extras no registradas,Los stakeholders están priorizando mal los requisitos,N,S,N,N,,
3660,Un equipo Kanban con límites WIP estrictos nota que su Throughput disminuyó un 20% tras implementar Heijunka. ¿Cuál es la causa MÁS probable?,Los trabajadores están menos motivados por la nueva sistemática,La nivelación expuso cuellos de botella ocultos en el flujo,Las tarjetas Kanban son demasiado grandes,El tablero no tiene suficientes columnas,N,S,N,N,,
3662,¿Cuál de estos métodos de desarrollo NO está asociado al enfoque ágil?,SCRUM,Modelo en Cascada,Kanban,Extreme Programming (XP),N,S,N,N,,
3744,¿Cuál de las siguientes metodologías de desarrollo se basa en realizar cambios incrementales e iterativos?,Desarrollo en cascada,Desarrollo ágil,Desarrollo en V,Desarrollo basado en componentes,N,S,N,N,,
3757,¿Cuál es la principal ventaja de usar un enfoque ágil para el desarrollo de software?,Planificación detallada y rígida desde el inicio.,Adaptabilidad a los cambios durante el ciclo de vida del proyecto.,Menor coste de implementación.,Desarrollo solo de software básico y funcional.,N,S,N,N,,
3761,¿Cuál es el enfoque principal de DevOps en el ciclo de vida del software?,Asegurar que las pruebas de software sean exclusivamente manuales.,Integrar el desarrollo y las operaciones en un proceso continuo.,Asegurar que todos los componentes del software sean desarrollados internamente.,Implementar metodologías ágiles exclusivamente.,N,S,N,N,,
5373,¿Cuál de los siguientes principios de Lean mencionados en el documento se vincula más directamente con una visión organizacional a largo plazo?,Eliminar papeleo y burocracia,Largo plazo,Respeto a las personas,Reducción de desperdicio,N,S,N,N,,"Menciona ""el documento"": probablemente generada"
5377,¿Cuál de los siguientes elementos no se alinea con los valores de Agile tal y como se presentan en el texto?,Reuniones frecuentes,Cumplir tiempos y resultados,Negociación contractual rígida,Software funcionando rápido,N,N,S,N,,
5944,"¿Cuál de las siguientes características de un sistema ágil se considera crítica para la mejora continua de los sistemas de información orientados al ciudadano en el SAS, según los principios del desarrollo ágil?",La planificación detallada a largo plazo que evita desviaciones presupuestarias.,La implementación de funcionalidades únicamente cuando el sistema esté completamente desarrollado.,"La entrega frecuente de software funcional, con preferencia por períodos cortos.",La dependencia exclusiva de documentación extensa para la validación del producto.,N,N,S,N,,
5945,"Según el enfoque Scrum descrito en el documento, ¿cuál es el rol que prioriza los elementos del Product Backlog en función del valor para el usuario, siendo clave en sistemas como la Carpeta de Salud del Ciudadano o ClicSalud+?",Scrum Master,Equipo de Desarrollo,Product Owner,Stakeholders,N,N,S,N,,"Menciona ""el documento"": probablemente generada"
5946,"En un entorno de mejora continua del sistema ClicSalud+, si el equipo detecta cuellos de botella en la fase de validación de tareas, ¿qué práctica de Kanban sería la más adecuada para abordarlo según el documento?",Aumentar el Work in Progress (WiP) para acelerar la entrega.,"Eliminar la columna ""Revisión"" para simplificar el tablero.",Establecer límites de WiP y revisar métricas de flujo acumulado.,Reasignar todas las tareas en curso a un único responsable técnico.,N,N,S,N,,"Menciona ""el documento"": probablemente generada"
5947,"En el contexto del desarrollo de un nuevo módulo de acceso a informes clínicos en la Carpeta de Salud del Ciudadano, ¿cuál de los siguientes criterios de aceptación en Scrum garantiza que un ítem del backlog se considera completado?",Que haya sido desplegado en entorno de pruebas aunque no funcione aún.,Que esté documentado y aprobado por el equipo de desarrollo.,Que cumpla con los criterios definidos en la Definición de Hecho y validación del Product Owner.,Que el usuario final haya solicitado su implementación sin necesidad de pruebas.,N,N,S,N,,
5948,"En los sistemas del SAS orientados al ciudadano, como Salud Responde o la app móvil del SAS, ¿qué práctica ágil permitiría evaluar periódicamente si las funcionalidades entregadas realmente están resolviendo los problemas de los usuarios?",El Sprint Planning al inicio de cada iteración.,El Daily Scrum como espacio de seguimiento técnico.,La Sprint Review como evento de inspección con stakeholders.,"El Sprint 0, donde se define la infraestructura técnica inicial.",N,N,S,N,,
5949,"En relación con los sistemas SAS dirigidos al ciudadano, como la Carpeta de Salud o Salud Andalucía, ¿cuál es el propósito principal del Sprint 0 en un proyecto ágil, según el documento?",Obtener métricas de productividad antes del desarrollo.,Identificar errores funcionales en el entorno de producción.,"Establecer la visión del producto, la infraestructura técnica y el Product Backlog inicial.",Ejecutar una primera versión del producto para el usuario final.,N,N,S,N,,"Menciona ""el documento"": probablemente generada"
5950,"En el contexto de DevSecOps aplicado a sistemas de información en salud, ¿cuál de las siguientes prácticas es esencial para garantizar el cumplimiento de regulaciones como el RGPD y evitar vulnerabilidades en datos sensibles de pacientes?",Utilizar únicamente pruebas manuales de seguridad antes de cada despliegue,Integrar herramientas de análisis estático de código (SAST) como SonarQube en el pipeline CI/CD,Limitar la monitorización en producción para reducir costos operativos,Evitar la automatización de despliegues para mantener control humano sobre cambios,N,S,N,N,,
5951,"En un sistema de información sanitario que aplica KANBAN, ¿cuál de los siguientes principios sería prioritario para optimizar la gestión de solicitudes ciudadanas (ej. citas médicas) y evitar cuellos de botella?",Aumentar el Trabajo en Curso (WIP) para acelerar la finalización de tareas,"Limitar el WIP y visualizar el flujo con un tablero (ej. columnas ""Pendiente"", ""En Proceso"", ""Completado"")",Eliminar reuniones diarias para reducir tiempos muertos,Priorizar la documentación exhaustiva sobre la entrega continua,N,S,N,N,,
5952,"En el marco de SCRUM aplicado a un proyecto de historia clínica electrónica, ¿qué artefacto sería clave para garantizar que las funcionalidades priorizadas por el SAS (ej. interoperabilidad con otras plataformas) se alineen con las necesidades reales de los ciudadanos?","El Sprint Backlog, donde el equipo técnico decide qué tareas implementar sin consultar al Product Owner","El Product Backlog, gestionado por el Product Owner y refinado con stakeholders para reflejar valor de negocio","La Definición de Hecho (DoD), que solo incluye criterios técnicos sin validación de usuarios","El Incremento, que se entrega sin revisión en el Sprint Review para acelerar el despliegue",N,S,N,N,,
5953,"En un sistema de información sanitario que implementa Lean, ¿cuál de estas técnicas sería más efectiva para reducir el 'desperdicio' (Muda) en procesos de atención al ciudadano, como la solicitud de informes médicos?",Aplicar el método 5S para organizar los documentos físicos en archivadores,Implementar Value Stream Mapping (VSM) para identificar y eliminar pasos innecesarios en el proceso digital,Aumentar el inventario de informes pre-generados para garantizar disponibilidad inmediata,Reducir la frecuencia de actualización del software para minimizar cambios,N,S,N,N,,
5954,"Al implementar DevOps en un sistema de citas médicas del SAS, ¿qué práctica de Integración Continua/Despliegue Continuo (CI/CD) sería más crítica para garantizar actualizaciones seguras y sin interrupciones del servicio a ciudadanos?",Realizar despliegues manuales fuera del horario laboral para minimizar impacto,Implementar canary deployments para liberar cambios gradualmente a un subconjunto de usuarios,Eliminar completamente las pruebas automatizadas para acelerar los despliegues,Actualizar toda la infraestructura simultáneamente sin monitorización posterior,N,S,N,N,,
5955,"Un hospital del SAS está implementando SCRUM para desarrollar un módulo de 'telemedicina'. Durante el Sprint Retrospective, el equipo identifica que las reuniones diarias (Daily Scrums) se han convertido en discusiones técnicas extensas, retrasando el trabajo. Según los valores de Scrum, ¿cuál sería la solución MÁS alineada?",Eliminar las Daily Scrums y reemplazarlas por informes escritos diarios,"Limitar estrictamente la reunión a 15 minutos, enfocándose en ""¿Qué hice ayer?, ¿Qué haré hoy?, ¿Qué impedimentos tengo?""",Permitir que solo el Scrum Master hable durante las Daily Scrums para mantener el orden,Realizar las Daily Scrums cada dos días para reducir interrupciones,N,S,N,N,,
5956,"El SAS utiliza KANBAN para gestionar solicitudes de 'segundas opiniones médicas' en su plataforma digital. Tras analizar métricas, descubren que el Lead Time promedio es de 72 horas (frente al objetivo de 24h). El tablero muestra que el 90% de las tareas pasan más del 50% del tiempo en la columna 'En Revisión Médica' y los límites de WIP para 'En Revisión' se incumplen sistemáticamente. ¿Qué acción resolvería ESTE problema específico según los principios de Kanban?","Eliminar la columna ""En Revisión Médica"" para acelerar el flujo","Reducir el límite de WIP en ""En Revisión"" e implementar políticas explícitas de criterios de revisión (ej.: checklist estandarizado)",Contratar más médicos revisores sin modificar el WIP,"Priorizar solo solicitudes de alta complejidad, ignorando las simples",N,S,N,N,,
5957,"El equipo de TI del SAS ha integrado un pipeline DevSecOps para actualizar su sistema de prescripción electrónica. Durante el Sprint Review, se detecta que el escáner de seguridad SonarQube (SAST) tarda 4 horas en ejecutarse, retrasando despliegues, y el equipo suele omitir el paso de SAST en hotfixes por 'urgencia'. Según las mejores prácticas de DevSecOps, ¿cuál sería la solución más sostenible sin comprometer seguridad?",Desactivar SAST en hotfixes y ejecutarlo solo en releases mayores,Optimizar el escáner SAST para reducir su tiempo a <1 hora y automatizar su ejecución en todo commit,Eliminar SAST y confiar únicamente en revisiones manuales de código,Permitir que los desarrolladores decidan caso por caso si ejecutar SAST,N,S,N,N,,
5958,El SAS quiere reducir el tiempo de espera de resultados de laboratorio (actual: 48h) usando LEAN y DevOps. Analizan el flujo y encuentran que el 60% del tiempo se pierde en transporte físico de muestras y el sistema de registro digital (LIS) no se integra con la historia clínica electrónica (HCE). ¿Qué estrategia combinaría eliminación de desperdicios (LEAN) y automatización (DevOps) para resolverlo?,Digitalizar el transporte con drones y implementar APIs entre LIS-HCE usando Kubernetes,Mantener el proceso manual pero agregar más personal de transporte,Comprar equipos de laboratorio más rápidos sin modificar integraciones,Exigir a los pacientes que recojan físicamente sus resultados,S,N,N,N,,
5959,"Tras una auditoría, el SAS recibe un hallazgo crítico: su app de citas almacena contraseñas de usuarios en texto plano. El equipo usa DevSecOps con GitLab CI. ¿Qué acción debe priorizarse en el pipeline para cumplir RGPD?",Encriptar las contraseñas con bcrypt y añadir un paso de secret scanning en CI,Eliminar el login y permitir acceso sin autenticación,Notificar a los usuarios del fallo pero no corregirlo hasta el próximo sprint,Almacenar las contraseñas en un Excel compartido en red interna,S,N,N,N,,
5960,"El SAS planea extender la funcionalidad de ClicSalud+ para permitir la modificación de datos personales por parte del usuario. Durante el Sprint, el equipo detecta que una de las historias de usuario estimada inicialmente en 3 puntos requiere rediseñar parcialmente el sistema de autenticación. ¿Qué debe hacer el equipo Scrum según las prácticas descritas en el documento?","Completar la historia como estaba planificada inicialmente, para no alterar la velocidad del equipo.",Abandonar la historia de usuario y moverla al final del Product Backlog.,"Dividir la historia de usuario, trabajar lo que sea viable y revisar la planificación en el siguiente Sprint.","Reasignar toda la historia al Product Owner, ya que implica cambio de requisitos.",N,N,S,N,,"Menciona ""el documento"": probablemente generada"
5961,"Durante el desarrollo de una nueva funcionalidad en la app Salud Andalucía para el seguimiento de citas, el equipo detecta que los ítems “notificación por email” y “recordatorio en app” están bloqueados esperando confirmación legal sobre protección de datos. ¿Qué herramienta o enfoque del marco Kanban, facilitaría la gestión de esta situación?",Incrementar el número de tareas en curso para compensar el bloqueo.,Eliminar los ítems bloqueados del tablero hasta que se resuelva el impedimento.,Visualizar el bloqueo en el tablero y aplicar límites de WiP para evitar acumulación.,Transferir la gestión de estos ítems al Product Owner sin visualizarlos.,N,N,S,N,,
5962,"En un proyecto para rediseñar la interfaz del sistema de gestión de citas online en ClicSalud+, el equipo Scrum se enfrenta a constantes cambios en los requisitos visuales debido a las opiniones contradictorias de distintos perfiles ciudadanos. Ante esta situación, ¿qué principio ágil, según el manifiesto recogido en el documento, justifica mantener ciclos cortos de entrega aunque no se alcance un consenso absoluto?",La simplicidad es esencial: el arte de maximizar el trabajo no realizado.,La excelencia técnica y el buen diseño mejoran la agilidad.,Aceptar cambios incluso en fases avanzadas para ventaja competitiva.,La planificación detallada evita la necesidad de adaptaciones posteriores.,N,N,S,N,,"Menciona ""el documento"": probablemente generada"
5963,Un equipo Scrum está desarrollando una nueva funcionalidad en la App del SAS que permite consultar informes radiológicos. El Product Owner sugiere dividir una historia de usuario en dos para poder entregar primero la visualización básica y más adelante incorporar herramientas de anotación sobre las imágenes. ¿Qué combinación de criterios y artefactos permitiría formalizar esta división manteniendo alineación con los principios ágiles?,Crear un nuevo Sprint y redefinir la Definition of Done para cada parte.,Introducir ambas funcionalidades como un único ítem en el Incremento final.,Estimar por separado cada historia con criterios de aceptación claros en el Product Backlog.,Mover toda la historia al Sprint Backlog y decidir en el Daily cómo dividirla.,N,N,S,N,,
5964,"Durante la implementación de un nuevo servicio de autocita para vacunas en Salud Responde, se detecta que múltiples stakeholders (usuarios, personal de enfermería, técnicos de soporte) tienen expectativas distintas y generan una alta rotación en los ítems del Product Backlog. ¿Qué práctica ágil avanzada permitiría abordar esta variabilidad sin comprometer la estabilidad del equipo ni la visión de producto, según el documento?",Aumentar la duración de los Sprints para adaptarse mejor a todos los cambios.,Utilizar sesiones de Backlog Refinement con participación activa del Product Owner y desarrollo.,Congelar el Product Backlog tras cada Sprint Planning para evitar cambios.,Delegar en el Scrum Master la validación técnica y funcional de cada ítem.,N,S,N,N,,"Menciona ""el documento"": probablemente generada"
5965,"En el desarrollo de un visor de tratamientos activos para la Carpeta de Salud del Ciudadano, el equipo detecta que una funcionalidad fue marcada como “Hecha” pese a que no cumple los criterios de rendimiento pactados (tiempo de carga inferior a 2 segundos). Según el documento, ¿qué aspecto del marco Scrum ha fallado y debe ser reforzado para asegurar calidad técnica real?",La falta de participación del Product Owner en el Daily Scrum.,Una estimación de esfuerzo deficiente en el Planning Poker.,Una Definition of Done inadecuadamente aplicada o no revisada.,El uso incorrecto del gráfico de Burn Down para medir velocidad.,N,N,S,N,,"Menciona ""el documento"": probablemente generada"
5966,"En un proyecto Lean del SAS para mejorar la eficiencia del portal de cita previa, se utiliza un gráfico de Takt Time que indica que se debería atender una solicitud de cita cada 2 minutos. Sin embargo, se detecta una acumulación de usuarios esperando más de 10 minutos en franjas pico. ¿Qué combinación de herramientas o técnicas Lean sería más útil para rediseñar este flujo?",Poka Yoke y 5S para prevenir errores del usuario.,VSM y Heijunka para equilibrar la carga y eliminar esperas.,5 Whys y TPM para encontrar fallos de mantenimiento en la infraestructura.,Kanban y TQM para visualizar tareas de los equipos administrativos.,N,S,N,N,,
5967,"En un proyecto DevOps dentro del SAS para automatizar el despliegue de la app de seguimiento COVID-19, el equipo implementa integración continua (CI) y despliegue continuo (CD). ¿Qué elemento descrito en el documento garantiza que cada nuevo despliegue mantenga la coherencia funcional y técnica con los desarrollos anteriores?",El Product Backlog refinado con historias técnicas detalladas.,La Definition of Ready aplicada a cada ítem del Sprint.,El Diagrama de Flujo Acumulado revisado en cada Sprint.,El Incremento validado que cumpla la Definition of Done.,N,N,N,S,,"Menciona ""el documento"": probablemente generada"
5968,"Un equipo técnico del SAS está desarrollando un nuevo servicio de mensajería para comunicar resultados de pruebas diagnósticas en la Carpeta de Salud. Para monitorizar en tiempo real el estado de cada fase del desarrollo y detectar cuellos de botella, ¿qué herramienta descrita en el documento deberían implementar como parte de su sistema de trabajo?",Diagrama de Gantt con fases predefinidas.,Tablero Kanban con columnas según el flujo de trabajo.,Árbol de decisiones con criterios de escalado.,Matriz RACI para asignación de tareas.,N,S,N,N,,"Menciona ""el documento"": probablemente generada"
5969,"En un proyecto piloto para mejorar el sistema de avisos de medicación en la app móvil del SAS, el equipo aplica simultáneamente principios Scrum y Lean. ¿Cuál de las siguientes acciones se alinea mejor con la filosofía Lean de eliminación de desperdicios y el principio Scrum de simplicidad, según el documento?",Añadir funcionalidades opcionales para reforzar la percepción de valor del usuario.,Aumentar la documentación de requisitos para minimizar malentendidos futuros.,Desarrollar solo lo necesario para cumplir los criterios de aceptación y maximizar el trabajo no realizado.,Multiplicar los ciclos de prueba manual para reducir la dependencia de test automatizados.,N,N,S,N,,"Menciona ""el documento"": probablemente generada"
5970,"Durante el rediseño del módulo de visualización de resultados analíticos en ClicSalud+, el equipo detecta que muchas tareas se quedan en la columna “En revisión” del tablero Kanban durante días. Según las métricas y prácticas descritas en el documento, ¿cuál sería la combinación más efectiva para diagnosticar el problema y establecer mejoras?",Medir Lead Time y aplicar una política de alerta visual tipo Andon.,Implementar la técnica 5S y asignar un nuevo Scrum Master.,Medir Takt Time y aumentar el tamaño de lote de tareas.,Realizar retrospectivas diarias en lugar de Sprint Reviews.,S,N,N,N,,"Menciona ""el documento"": probablemente generada"
5971,"Durante la migración del sistema de cita telefónica de Salud Responde a una plataforma multicanal, algunos miembros del equipo muestran resistencia al nuevo flujo ágil. Según los principios de gestión del cambio de Kanban, ¿cuál sería una estrategia adecuada para introducir mejoras sin generar rechazo?",Redefinir todos los procesos desde cero para eliminar vicios anteriores.,Aplicar cambios evolutivos desde el sistema actual y fomentar liderazgo informal.,Establecer políticas rígidas de cumplimiento y roles jerárquicos definidos.,Reasignar al personal reticente a tareas no relacionadas con el nuevo sistema.,N,S,N,N,,
5973,"Al aplicar KANBAN en la gestión de incidencias TI del SAS, se observa que las tareas de 'alta prioridad' se acumulan en la columna 'En Proceso'. ¿Qué ajuste específico propone Kanban para este escenario?",Aumentar el límite de WIP para alta prioridad y contratar más personal,Eliminar temporalmente todos los límites de WIP hasta reducir el backlog,"Revisar y reducir el límite de WIP para alta prioridad, enfocándose en terminar tareas antes de iniciar nuevas","Automatizar la reclasificación de todas las tareas a ""baja prioridad"" para equilibrar el flujo",N,N,S,N,,
5974,El SAS quiere implementar DevSecOps en su sistema de historias clínicas. ¿Qué práctica de seguridad sería esencial incluir en el pipeline CI/CD para cumplir con la Ley de Protección de Datos?,Ejecutar pruebas de penetración manuales solo antes del lanzamiento anual,Integrar escaneo automático de dependencias (OWASP Dependency Check) en cada commit,Deshabilitar el registro de logs en producción para evitar almacenar datos sensibles,Permitir que los desarrolladores accedan directamente a bases de datos de producción para agilizar fixes,N,S,N,N,,
5975,"Un equipo aplica LEAN para reducir tiempos en la emisión de informes médicos. Tras un análisis, identifican que los médicos pierden 15 minutos diarios buscando plantillas en el sistema. ¿Qué herramienta Lean resolvería MEJOR este problema?","5S (clasificar, ordenar, limpiar, estandarizar, sostener) para organizar las plantillas digitales",Poka-Yoke para eliminar todas las plantillas y que los médicos escriban informes libres,Just-in-Time (JIT) para producir informes solo cuando el paciente los solicite,Heijunka para nivelar la carga de trabajo de los médicos ignorando el problema,S,N,N,N,,
5976,"Durante el desarrollo de un módulo de seguimiento de enfermedades crónicas integrado en la Carpeta de Salud del Ciudadano, el equipo detecta que las tareas de backend se completan mucho antes que las de interfaz. Esto provoca acumulación de trabajo en las fases de validación. ¿Qué combinación de métrica y acción según el enfoque Kanban descrito en el documento permitiría diagnosticar y abordar correctamente este desajuste?",Revisar la Tasa de Entrega y reducir el tamaño del Product Backlog.,Usar el Lead Time y aumentar el número de tareas simultáneas para igualar tiempos.,Analizar el Diagrama de Flujo Acumulado (CFD) y aplicar políticas de balanceo de carga.,Medir el Cycle Time de las tareas de backend y congelar los despliegues hasta igualar ritmos.,N,N,S,N,,"Menciona ""el documento"": probablemente generada"
5977,"En SCRUM, ¿cuál de las siguientes afirmaciones sobre el Sprint Backlog es falsa según lo descrito en el documento?",Es un subconjunto de elementos del Product Backlog seleccionados para el Sprint,Solo el Product Owner puede modificarlo durante el Sprint,Incluye un plan detallado de cómo se implementarán los ítems,Se actualiza diariamente durante el Daily Scrum,N,S,N,N,,"Menciona ""el documento"": probablemente generada"
5978,"Según los valores de SCRUM mencionados en el documento, ¿cuál de estos no es uno de los seis valores fundamentales?",Transparencia,Compromiso,Predictibilidad,Respeto,N,N,S,N,,"Menciona ""el documento"": probablemente generada"
5979,"En el contexto de la Definición de Hecho (DoD) en SCRUM, ¿cuál de las siguientes condiciones no sería un criterio válido para considerar un Incremento como 'hecho'?",El código ha sido revisado y aprobado en una Pull Request,Todas las pruebas unitarias y de integración han sido exitosas,La funcionalidad ha sido desplegada en producción,La documentación del cambio ha sido actualizada,N,N,S,N,,
5980,"Según el documento, ¿cuál de estos roles no puede participar activamente en el Daily Scrum?",Development Team,Scrum Master,Product Owner,Stakeholders externos (como clientes o inversores),N,N,N,S,,"Menciona ""el documento"": probablemente generada"
5981,"En SCRUM, ¿qué artefacto no puede ser modificado una vez iniciado el Sprint?",Product Backlog,Sprint Backlog,Incremento,Definición de Hecho (DoD),N,N,N,S,,
5982,"Durante el Sprint Planning, ¿qué elemento no es responsabilidad directa del Product Owner?",Explicar el objetivo del Sprint,Priorizar los ítems del Product Backlog,Desglosar las tareas técnicas del Sprint Backlog,Asegurar que los ítems seleccionados estén refinados,N,N,S,N,,
5983,"En SCRUM, si durante un Sprint el equipo identifica que un ítem del Sprint Backlog es más complejo de lo estimado, ¿qué acción es incoherente con los principios SCRUM según el documento?",Reemplazar el ítem por otro de menor complejidad del Product Backlog,Negociar con el Product Owner para reducir el alcance del ítem,Eliminar el ítem del Sprint sin reemplazo y ajustar el objetivo,"Continuar trabajando en él, extendiendo la duración del Sprint si es necesario",N,N,N,S,,"Menciona ""el documento"": probablemente generada"
5984,"Según el documento, ¿cuál de estos elementos no se considera parte del Incremento al finalizar un Sprint?",Código integrado y probado,Documentación actualizada,Feedback de stakeholders no incorporado,Historias de usuario completadas que cumplen la DoD,N,N,S,N,,"Menciona ""el documento"": probablemente generada"
5985,"Durante la planificación de un nuevo producto en el Servicio Andaluz de Salud, el equipo Scrum decide crear un Product Backlog inicial compuesto por varias épicas y tareas técnicas. ¿Cuál de las siguientes afirmaciones describe correctamente el enfoque de Scrum respecto al Product Backlog en esta fase inicial del proyecto (Sprint 0)?","El Product Backlog debe incluir únicamente historias de usuario ya listas para desarrollo en el primer Sprint, dejando tareas técnicas y épicas para la fase de ejecución.","El Product Backlog inicial debe ser creado por el Scrum Master con ayuda del Product Owner, excluyendo al Development Team para evitar sesgos técnicos.","El Product Backlog inicial debe incluir los ítems de mayor prioridad y puede contener tanto épicas como tareas técnicas, elaboradas con la colaboración del Product Owner y el Development Team.",El Product Backlog se define exclusivamente por los stakeholders externos y se traslada al equipo Scrum para su validación en el Sprint Planning.,N,N,S,N,,
5986,"Durante un Sprint en un equipo del SAS, el Product Owner propone añadir un nuevo ítem de trabajo crítico al Sprint Backlog tras recibir una petición urgente de un stakeholder. Según Scrum, ¿cuál de las siguientes afirmaciones refleja correctamente cómo debe gestionarse esta situación?","El Product Owner puede añadir ítems al Sprint Backlog si los considera críticos, sin necesidad de consultar al Development Team.","El Scrum Master debe autorizar cualquier cambio en el Sprint Backlog, validando la urgencia con los stakeholders.","Solo el Development Team puede modificar el Sprint Backlog durante el Sprint, aunque puede considerar nuevas tareas si no comprometen el objetivo del Sprint.",El Product Owner debe suspender el Sprint en curso y convocar una nueva sesión de Sprint Planning para reorganizar el trabajo.,N,N,S,N,,
5987,"Un equipo de desarrollo del SAS está trabajando con SCRUM en un sistema de historia clínica electrónica. Durante el Sprint, detectan que varias tareas del Sprint Backlog están mal estimadas y probablemente no se completarán. ¿Qué acción se ajusta mejor a la filosofía de Scrum en esta situación?",Se deben eliminar automáticamente las tareas mal estimadas del Sprint Backlog para asegurar que el incremento se entregue a tiempo.,"El equipo debe notificar al Scrum Master, quien actualizará las estimaciones y reasignará las tareas.","El equipo debe ajustar el Sprint Backlog según sea necesario, manteniendo el objetivo del Sprint y actualizando las tareas diariamente.",El Product Owner debe volver a priorizar todo el Product Backlog y replantear el Sprint desde cero.,N,N,S,N,,
5988,"Durante una retrospectiva del Sprint en un proyecto del Servicio Andaluz de Salud, el equipo Scrum detecta que el objetivo del Sprint fue alcanzado, pero que varias tareas se completaron con baja calidad técnica. ¿Cuál de las siguientes medidas sería coherente con los principios ágiles?","Documentar las deficiencias, informar al Product Owner y continuar con el siguiente Sprint sin realizar ajustes, ya que el objetivo se logró.",Replantear los criterios de aceptación de todas las historias de usuario para que incluyan exclusivamente validaciones funcionales visibles por el usuario.,Ajustar la Definición de Hecho (DoD) para incorporar estándares de calidad técnica y aplicarla desde el próximo Sprint.,Delegar en el Scrum Master la validación técnica del código para garantizar su calidad antes de cada entrega.,N,N,S,N,,
5989,"En el contexto de un equipo Scrum que desarrolla una nueva funcionalidad en la plataforma ClicSalud+, ¿cuál de los siguientes ítems del Product Backlog podría considerarse deuda técnica?","Como ciudadano, quiero poder modificar mis datos de contacto desde el portal web.",Solucionar el bug que impide que los usuarios recuperen su contraseña olvidada.,Refactorizar el módulo de autenticación para mejorar su mantenimiento y escalabilidad.,Optimizar los tiempos de respuesta de la API de citas a menos de 2 segundos.,N,N,S,N,,
5990,"Un equipo Scrum del SAS detecta que durante varios Sprints consecutivos han acumulado tareas técnicas sin finalizar por centrarse exclusivamente en historias de usuario visibles para el usuario final. ¿Qué medida, alineada con las buenas prácticas descritas en el documento, debería tomarse en el próximo Sprint Planning?",Priorizar únicamente historias funcionales para mantener el ritmo de entregas visibles.,Eliminar las tareas técnicas del Product Backlog para evitar que entorpezcan la planificación.,"Acordar con el Product Owner incluir tareas técnicas relevantes en el Sprint, equilibrándolas con las funcionales.",Postergar indefinidamente las tareas técnicas hasta que se finalicen todas las historias de usuario pendientes.,N,N,S,N,,"Menciona ""el documento"": probablemente generada"
5991,"En una revisión de Sprint (Sprint Review) del SAS, se presentan tres historias de usuario completadas y un incremento funcional. ¿Cuál de los siguientes elementos no forma parte de los objetivos principales de la Sprint Review, según el enfoque de Scrum?",Presentar el incremento funcional a los stakeholders para recibir retroalimentación.,Evaluar los criterios de aceptación de cada historia y validar que cumplen con la DoD.,Adaptar el Product Backlog en función del feedback recibido durante la sesión.,Identificar fallos individuales de los miembros del equipo para documentarlos en el informe de rendimiento.,N,N,N,S,,
5992,"En un equipo Scrum del SAS, durante un Sprint se detecta que la columna 'Revisión' del tablero digital (por ejemplo, en Jira) tiene una acumulación anormal de tareas. Según las buenas prácticas, ¿qué implicación tiene esto para la gestión del Sprint?",Que el Product Owner debe aumentar la documentación para facilitar la revisión.,Que el Scrum Master debe cancelar el Sprint para reiniciarlo con tareas más pequeñas.,"Que hay un posible cuello de botella en el flujo, y el equipo debe identificar y abordar la causa.",Que el equipo debe aceptar que la revisión es una fase secundaria y continuar con nuevas tareas.,N,N,S,N,,
5993,"Durante el desarrollo de un nuevo módulo en Diraya, el equipo Scrum completa tres historias de usuario, pero no actualiza la documentación asociada ni ejecuta todas las pruebas de integración. Según la Definición de Hecho (DoD) que se aplica en Scrum, ¿cuál de las siguientes afirmaciones es correcta?",Las historias se consideran finalizadas porque las funcionalidades están visibles y utilizables por el usuario.,"Las historias no cumplen la DoD si no se han completado todos los criterios de calidad, pruebas y documentación.","La decisión sobre si una historia está ""hecha"" depende exclusivamente del Product Owner.",Las tareas que no cumplen con la DoD pueden cerrarse y corregirse durante la Sprint Retrospective.,N,S,N,N,,
5994,"En un entorno de desarrollo dentro del SAS, se ha observado que los eventos Scrum ocupan más tiempo del esperado y comienzan a afectar al ritmo de trabajo. ¿Cuál de las siguientes afirmaciones sobre la duración de los eventos Scrum es correcta?",La duración de los eventos Scrum es flexible y puede extenderse según la disponibilidad del equipo.,El Sprint Planning para un Sprint de 2 semanas debe durar un máximo de 8 horas.,El Daily Scrum puede extenderse hasta 30 minutos si hay impedimentos importantes.,La Sprint Retrospective para un Sprint de un mes debe durar como máximo 3 horas.,N,N,N,S,,
5995,"En el contexto de LEAN, ¿cuál de los siguientes principios es fundamental para garantizar que la producción se ajuste estrictamente a la demanda real del cliente, evitando sobreproducción y desperdicio de recursos?",Heijunka (Nivelación de la producción),Jidoka (Automatización con toque humano),Pull System (Sistema de tirón),Poka-Yoke (A prueba de errores),N,N,S,N,,
5996,"En un hospital que aplica LEAN, se identifica que los pacientes esperan demasiado tiempo en triaje debido a pasos redundantes en el proceso. ¿Qué herramienta LEAN sería más adecuada para analizar y eliminar estas actividades que no agregan valor?",5S (Organización del espacio de trabajo),Value Stream Mapping (VSM),TPM (Mantenimiento productivo total),Andon (Sistema de alertas visuales),N,S,N,N,,
5997,"En LEAN, el concepto de 'Muda' incluye 7 tipos de desperdicios. Si un equipo de enfermería gasta tiempo buscando medicamentos porque no están etiquetados ni ordenados, ¿qué tipo de Muda representa esto?",Transporte innecesario,Movimientos innecesarios,Inventario excesivo,Procesos ineficientes,N,S,N,N,,
5998,Un hospital implementa Poka-Yoke en el área de farmacia para evitar errores en la dispensación de medicamentos. ¿Cuál de estos ejemplos ilustra mejor esta técnica?,Usar códigos de barras para verificar medicamentos antes de dispensarlos,Capacitar al personal mensualmente sobre protocolos,Aumentar el número de farmacéuticos en turno,Documentar todos los errores en un registro,S,N,N,N,,
5999,"En el contexto de LEAN Healthcare, ¿cuál de las siguientes situaciones ejemplifica mejor el principio de 'Flujo Continuo' aplicado a un servicio de urgencias?",Asignar un médico adicional en horas pico para reducir esperas,Rediseñar el layout del área de triaje para que los pacientes pasen directamente a evaluación sin retornos,Implementar un software de gestión para registrar tiempos de espera,Realizar reuniones diarias para analizar cuellos de botella,N,S,N,N,,
6000,"Si un hospital aplica Takt Time en el servicio de radiología para alinear su capacidad con la demanda, ¿qué cálculo sería esencial realizar?",Número promedio de radiografías solicitadas por hora / Tiempo disponible de trabajo,Tiempo total del turno / Número de técnicos disponibles,Tiempo de cada radiografía + Margen de error del 10%,Capacidad máxima de la máquina de rayos X por día,S,N,N,N,,
6001,Un equipo quirúrgico quiere reducir el Muda de espera (uno de los 7 desperdicios LEAN). ¿Cuál de estas acciones abordaría directamente este problema?,Estandarizar los kits de instrumentos para cada cirugía,Programar las cirugías con intervalos fijos de 30 minutos,Capacitar al personal en técnicas quirúrgicas avanzadas,Comprar un nuevo equipo de anestesia más rápido,S,N,N,N,,
6002,"En un proyecto LEAN para optimizar la esterilización de material, se identifica que el 40% del tiempo se dedica a transportar instrumental entre áreas. ¿Qué herramienta LEAN sería más útil para analizar y mejorar este flujo?",Diagrama de Spaghetti,5 Why's,Kanban,Kaizen,S,N,N,N,,
6003,¿Cuál de los siguientes es un ejemplo de aplicar Jidoka (automatización con toque humano) en un laboratorio de análisis clínicos?,Usar un sistema automatizado que detiene la centrifugación si detecta desbalance,Contratar más técnicos para supervisar los procesos manuales,Documentar manualmente cada paso del proceso,Realizar pruebas redundantes para garantizar exactitud,S,N,N,N,,
6021,¿Cuál de las siguientes prácticas Lean consiste en preguntar “¿por qué?” repetidamente para llegar a la causa raíz de un problema?,Andon,5 Why,Kaizen,Poka Yoke,N,S,N,N,,
6022,"Según el documento, ¿cuál es uno de los principales beneficios del uso de Takt Time en entornos Lean?",Aumentar la velocidad de producción por encima de la demanda prevista.,Equilibrar la carga de trabajo según la capacidad máxima del equipo.,Garantizar que la producción se ajuste al ritmo de la demanda del cliente.,Determinar los cuellos de botella a partir de las métricas de revisión.,N,N,S,N,,"Menciona ""el documento"": probablemente generada"
6023,"En el contexto de Kanban, ¿cuál de las siguientes situaciones representa una aplicación incorrecta del principio de 'limitar el trabajo en curso' (WiP)?","Un equipo de diseño establece un límite de 3 tareas en la columna ""En proceso"" y se niega a iniciar nuevas hasta completar una.","Una columna de ""Revisión"" se llena con tareas porque ningún miembro puede avanzar hasta que el supervisor las apruebe.",Un equipo de soporte define que no se aceptarán nuevas solicitudes hasta cerrar al menos 2 tickets activos.,Un equipo de desarrollo decide paralizar la incorporación de nuevas tareas mientras se liberan recursos en fases saturadas.,N,S,N,N,,
6024,"Según los principios de gestión del cambio en Kanban, ¿cuál de las siguientes afirmaciones refleja una mala interpretación del principio “Comenzar con lo que haces ahora”?",El equipo analiza su flujo actual sin modificar sus funciones ni roles establecidos.,"Se implementa Kanban respetando la metodología que ya utiliza el equipo, sin imponer nuevas reglas de inmediato.",Se fuerza a todo el equipo a abandonar su estructura organizativa y adoptar roles nuevos desde el primer día.,El equipo observa su forma actual de trabajar y busca oportunidades de mejora progresiva sin interrupciones.,N,N,S,N,,
6025,"Durante una revisión de métricas en un sistema Kanban, el equipo detecta que el Lead Time promedio se mantiene constante, pero el Cycle Time de la fase “Revisión” ha aumentado progresivamente. ¿Cuál de las siguientes medidas sería más coherente con las prácticas generales de Kanban?",Reducir el WiP en la columna “En Proceso” para evitar acumulaciones en fases posteriores.,Aumentar el número de tareas permitidas en “Revisión” para acelerar el flujo global.,Eliminar la fase “Revisión” del tablero para simplificar el flujo de trabajo.,Trasladar automáticamente tareas bloqueadas en “Revisión” a “Completado” si llevan más de una semana.,S,N,N,N,,
6026,"En una unidad de gestión hospitalaria, se implementa un tablero Kanban. El diagrama de flujo acumulado (CFD) revela estancamiento en 'Aprobación administrativa'. ¿Qué acción es más coherente con las prácticas de mejora colaborativa y experimental de Kanban?","Automatizar el pase de tareas desde “Evaluación médica” a “Cerrado”, evitando la fase de aprobación.",Modificar temporalmente las políticas explícitas para que los médicos puedan aprobar directamente algunas solicitudes.,Introducir políticas explícitas que reserven capacidad dentro del WiP para tareas de alto impacto clínico.,"Dividir la fase “Aprobación administrativa” en subcolumnas (inicio, revisión, cierre) y reducir el límite de WiP en “Evaluación médica”.",N,N,N,S,,
6027,"Un equipo TIC del Servicio Andaluz de Salud usa Kanban para gestionar incidencias. El Lead Time es estable, pero cae la Tasa de Entrega. ¿Qué acción es coherente con los principios de entrega del servicio y políticas explícitas en Kanban?",Aumentar la frecuencia de las reuniones de revisión de métricas para mejorar el diagnóstico.,"Priorizar tareas según el criterio de quien las detecta, sin alterar las políticas explícitas.",Revisar y reforzar las políticas explícitas para limitar el ingreso de tareas de bajo valor y proteger la capacidad del sistema.,Aplicar técnicas de Lean como Jidoka para detener el flujo cuando se identifique una bajada de productividad.,N,N,S,N,,
6028,"En atención primaria del SAS, tareas críticas quedan bloqueadas por tareas menores en 'Resolución técnica'. ¿Qué medida es más alineada con la gestión por valor en Kanban?","Aumentar el WiP de “Resolución técnica” exclusivamente para tareas urgentes, dejando las otras sin límite.","Reemplazar la columna “Diagnóstico” por una fila prioritaria para tareas críticas, sin modificar el WiP.",Introducir políticas explícitas que reserven capacidad dentro del WiP para tareas de alto impacto clínico.,Reordenar el tablero para que todas las tareas pasen por “Resolución técnica” sin diagnóstico previo.,N,N,S,N,,
6029,"En un hospital comarcal se detectan desplazamientos innecesarios. Aplicando Kanban y Lean, ¿qué herramienta permite detectar ese desperdicio físico?",El uso de la práctica Kanban de “limitar el WiP” en las columnas interdepartamentales.,Aplicar “5 Why” para detectar el motivo de la saturación de las tareas administrativas.,Implementar el “Spaghetti Chart” para mapear los movimientos físicos del personal implicado.,Añadir una columna de “Aprobación física” en el tablero Kanban para reflejar mejor la burocracia real.,N,N,S,N,,
6030,Un equipo TIC del SAS tiene esta política: no se aplica límite de WiP en 'Revisión'. ¿Qué aspecto contradice los principios de Kanban y puede ocultar cuellos de botella?,La que exige validación del Product Owner antes de completar tareas.,La que permite iniciar trabajo solo si hay disponibilidad.,La ausencia de límite de WiP en la columna “En Revisión”.,La asignación previa como condición para mover tareas de “Pendiente” a “En Proceso”.,N,N,S,N,,
6031,"En el contexto de los Principios de Gestión del Cambio de Kanban, ¿cuál de las siguientes afirmaciones es falsa según el documento?",Kanban requiere cambios disruptivos en los procesos existentes desde el primer día.,Se debe comenzar con los procesos actuales y evolucionar gradualmente.,"Cualquier miembro del equipo puede proponer mejoras, sin necesidad de un rol jerárquico.",Se fomenta la mejora continua a través de pequeños ajustes basados en datos.,S,N,N,N,,"Menciona ""el documento"": probablemente generada"
6032,"En un tablero Kanban, ¿qué indica exceder el límite de WIP (Trabajo en Curso) en una columna, según las prácticas descritas en el documento?",Que el equipo debe priorizar nuevas tareas sobre las pendientes.,Que existe un cuello de botella que requiere análisis y ajuste.,Que se debe aumentar automáticamente el límite de WIP para esa columna.,Que el equipo está trabajando de manera óptima y no necesita cambios.,N,S,N,N,,"Menciona ""el documento"": probablemente generada"
6033,¿Cuál de estas métricas de Kanban no se menciona explícitamente en el documento como clave para gestionar el flujo de trabajo?,Lead Time (Tiempo total desde inicio a fin de una tarea).,Cycle Time (Tiempo en cada fase del proceso).,Velocidad del equipo (Tareas completadas por sprint).,Tasa de Entrega (Número de tareas completadas en un período).,N,N,S,N,,"Menciona ""el documento"": probablemente generada"
6034,"Según el documento, ¿qué tipo de reunión en Kanban se enfoca específicamente en analizar datos de rendimiento del sistema para proponer mejoras, pero no es diaria?",Daily Kanban Meeting.,Revisión de Flujo de Trabajo.,Retrospectiva del Equipo.,Sprint Review.,N,S,N,N,,"Menciona ""el documento"": probablemente generada"
6035,"En el contexto de Poka-Yoke (herramienta Lean aplicable a Kanban), ¿cuál de estos ejemplos no se ajusta a su definición según el documento?",Un enchufe que solo se inserta en una dirección para evitar conexiones incorrectas.,"Un tablero Kanban con columnas de ""Pendiente"", ""En Proceso"" y ""Hecho"".",Un sistema que bloquea el avance de una tarea si faltan campos obligatorios.,Una alerta sonora que suena cuando un producto defectuoso pasa por la línea.,N,S,N,N,,"Menciona ""el documento"": probablemente generada"
6036,"Si un equipo Kanban en el SAS (Servicio Andaluz de Salud) quiere reducir el Lead Time de atención a pacientes, ¿qué práctica del documento sería menos relevante para lograrlo?","Limitar el WIP en la columna ""En Proceso"" de atención médica.",Usar Value Stream Mapping para identificar pasos innecesarios en el flujo.,Realizar Sprint Plannings cada 2 semanas para asignar tareas.,Implementar Takt Time para alinear el ritmo de atención con la demanda.,N,N,S,N,,"Menciona ""el documento"": probablemente generada"
6037,"Según los Principios de Entrega del Servicio de Kanban, ¿cuál de estas acciones violaría el principio de 'Gestionar el trabajo y permitir que los trabajadores se autoorganicen'?",El equipo define sus propias reglas para mover tareas entre columnas.,Un supervisor asigna tareas diarias sin consultar la capacidad del equipo.,Usar un tablero visual para que el equipo priorice según urgencia.,Celebrar reuniones de revisión de flujo para ajustar políticas.,N,S,N,N,,
6038,"En el contexto sanitario del SAS, ¿qué herramienta Lean mencionada en el documento sería más útil para evitar errores en la dispensación de medicamentos?",5S para organizar el almacén de fármacos.,Poka-Yoke con sistemas que bloqueen dispensaciones incorrectas.,Spaghetti Chart para optimizar rutas de enfermería.,Takt Time para calcular el ritmo de atención.,N,S,N,N,,"Menciona ""el documento"": probablemente generada"
6039,"Si un hospital aplica Kanban y detecta que las tareas en la columna 'Espera de Resultados' tienen un Cycle Time elevado, ¿qué acción no está alineada con las prácticas del documento?",Aumentar el límite de WIP para esa columna y distribuir más tareas.,Realizar un 5 Why para analizar la causa raíz del retraso.,Automatizar la notificación de resultados para reducir tiempos manuales.,Revisar políticas de priorización con el equipo médico.,S,N,N,N,,"Menciona ""el documento"": probablemente generada"
6040,"En el enfoque DevSecOps, ¿cuál es el principal propósito de incorporar herramientas como SAST, SCA e IAST antes del envío a producción?",Asegurar que todos los desarrolladores usen un mismo IDE,Permitir identificar y corregir vulnerabilidades tempranas en el ciclo de desarrollo,Reducir la complejidad de los pipelines de CI/CD,Aumentar la velocidad de despliegue sin sacrificar cobertura de pruebas,N,S,N,N,,
6041,"En un entorno DevOps maduro, ¿cuál de las siguientes prácticas se considera más crítica para garantizar la trazabilidad y la auditoría de cambios en entornos sensibles como el sanitario?",Automatización de pruebas unitarias exclusivamente,Uso de contenedores efímeros para evitar registros persistentes,Integración de control de versiones con pipelines de CI/CD,Eliminación de logs después de cada despliegue para proteger datos,N,N,S,N,,
6042,"Según el enfoque DevOps descrito en el documento y aplicado en organizaciones como Amazon o Netflix, ¿cuál es el propósito principal de aplicar estrategias de entrega continua (Continuous Delivery) en sistemas críticos?",Permitir que los usuarios finales desplieguen directamente nuevas versiones,Eliminar por completo la necesidad de pruebas manuales en producción,Asegurar que cada versión del software esté lista para ser desplegada en cualquier momento,Evitar la participación del equipo de operaciones en el ciclo de vida del software,N,N,S,N,,"Menciona ""el documento"": probablemente generada"
6043,"En el contexto del documento y del enfoque DevSecOps, ¿cuál de los siguientes elementos es más relevante para implementar el principio de “seguridad como código”?",Externalizar las políticas de seguridad en documentos PDF gestionados por el área legal,Incorporar las configuraciones de seguridad en archivos versionables y auditables dentro del repositorio,Utilizar firewalls físicos dedicados en todos los entornos de desarrollo,Ejecutar escaneos manuales de vulnerabilidades solo en la fase de preproducción,N,S,N,N,,"Menciona ""el documento"": probablemente generada"
6044,"En un entorno DevSecOps dentro del sector público sanitario, como el SAS, ¿cuál de las siguientes acciones representa mejor la aplicación del enfoque “Shift Left” en seguridad?",Ejecutar análisis forenses tras un incidente en producción,Incluir controles de seguridad desde las fases iniciales de desarrollo y diseño,Posponer la revisión de seguridad para la etapa de despliegue,Centralizar las decisiones de seguridad en el equipo de sistemas una vez liberada la aplicación,N,S,N,N,,
6045,"Según el enfoque DevOps descrito en el documento, ¿cuál es una de las ventajas más relevantes de aplicar infraestructura como código (IaC) en sistemas críticos del entorno sanitario?",Permite a los usuarios configurar directamente los servidores de producción desde un panel gráfico,Elimina la necesidad de validar los cambios en entornos de pruebas,"Favorece la replicabilidad, auditoría y control de cambios en los entornos de infraestructura",Sustituye completamente a los equipos de sistemas e infraestructura tradicionales,N,N,S,N,,"Menciona ""el documento"": probablemente generada"
6046,"En un pipeline DevSecOps bien diseñado, especialmente en organizaciones del sector sanitario como el SAS, ¿qué función cumple un Policy-as-Code cuando se integra con herramientas como Terraform o Kubernetes?",Garantizar que los despliegues solo se realicen en días laborables para reducir riesgos operativos,"Asegurar que las políticas de infraestructura y seguridad se definan, validen y apliquen automáticamente como parte del flujo de CI/CD",Evitar el uso de herramientas de automatización que puedan sobrescribir configuraciones críticas,Traducir las políticas de seguridad a lenguaje natural para facilitar su lectura por parte de usuarios no técnicos,N,S,N,N,,
6047,"Durante el diseño de un pipeline CI/CD para un sistema sanitario con requisitos del ENS, ¿cuál sería una medida avanzada alineada con DevSecOps para proteger los secretos (API keys, tokens, contraseñas) usados en los despliegues automatizados?",Cifrar los secretos manualmente en archivos YAML dentro del repositorio Git,Incluir los secretos directamente en las variables de entorno del sistema operativo del runner,Utilizar un gestor de secretos integrado (como HashiCorp Vault o AWS Secrets Manager) con acceso controlado y auditoría,Escribir los secretos en texto plano dentro de contenedores Docker firmados para garantizar su autenticidad,N,N,S,N,,
6048,"En un sistema DevSecOps del SAS, donde se requiere trazabilidad completa conforme al ENS y el RGPD, ¿cuál de las siguientes prácticas proporciona la mejor cobertura para auditar quién aprobó un despliegue en producción?",Establecer que los despliegues se activen automáticamente tras cada commit exitoso en el repositorio,Configurar auditorías periódicas manuales para revisar las versiones desplegadas en cada entorno,Integrar un sistema de aprobación con firma digital o identidad federada antes de permitir despliegues a producción en el pipeline,Incluir el nombre del desarrollador en los comentarios del commit como prueba de autoría,N,N,S,N,,
6049,"En un pipeline DevSecOps desplegado en un entorno sanitario con datos sensibles, ¿cuál sería una medida proactiva de defensa para evitar la ejecución de código malicioso en fases intermedias del pipeline?",Configurar el pipeline para ejecutar todos los pasos como el usuario root para asegurar permisos completos,Validar las librerías y dependencias externas en cada build mediante escaneo automático de componentes (SCA) y firmas digitales,Permitir que cualquier miembro del equipo modifique los scripts de pipeline para fomentar la flexibilidad,"Asegurar únicamente el paso final de despliegue en producción, ya que las fases intermedias no influyen en la seguridad",N,S,N,N,,
6050,¿Cuál de los siguientes enunciados refleja con mayor precisión un matiz del tercer valor del Manifiesto Ágil?,La negociación contractual es un sustituto válido de la colaboración continua con el cliente.,La documentación exhaustiva garantiza una colaboración efectiva con el cliente.,"La colaboración con el cliente debe ser prioritaria, aun cuando eso implique flexibilizar las partes definidas en el contrato.",Responder a los cambios es más importante que involucrar al cliente en el desarrollo.,N,N,S,N,,
6051,"¿Cuál de las siguientes afirmaciones contradice un principio fundamental del desarrollo ágil, según el documento?",Se debe mantener un ritmo de desarrollo constante que promueva el desarrollo sostenible.,"La simplicidad, o el arte de maximizar la cantidad de trabajo no realizado, es esencial.",Las decisiones arquitectónicas deben tomarse al inicio del proyecto para evitar cambios posteriores.,El software funcionando es la principal medida de progreso.,N,N,S,N,,"Menciona ""el documento"": probablemente generada"
6052,"En relación con los principios del desarrollo ágil, ¿cuál de las siguientes afirmaciones representa mejor la finalidad de fomentar equipos autoorganizados?",Garantizar que los desarrolladores sigan exactamente las instrucciones del Product Owner.,Reforzar la jerarquía para mantener un control más estricto del trabajo técnico.,Aumentar la creatividad y responsabilidad de los equipos en la toma de decisiones.,Acelerar los plazos de entrega mediante la supervisión directa del Scrum Master.,N,N,S,N,,
6053,¿Cuál de los siguientes aspectos no forma parte de las características clave del desarrollo ágil mencionadas en el documento?,Ciclos cortos de desarrollo denominados iteraciones o sprints.,Priorización de la entrega frecuente de documentación técnica detallada.,Adaptabilidad a los cambios de requisitos en cualquier fase del desarrollo.,Colaboración constante entre equipo y cliente.,N,S,N,N,,"Menciona ""el documento"": probablemente generada"
6054,"De acuerdo con los principios del desarrollo ágil, ¿cuál de las siguientes prácticas sería más coherente para evaluar el progreso de un proyecto?",Cantidad de líneas de código producidas semanalmente.,Número de reuniones de seguimiento realizadas.,Nivel de cobertura de pruebas unitarias automatizadas.,Cantidad de funcionalidades completas y operativas entregadas.,N,N,N,S,,
6055,¿Cuál de las siguientes acciones sería menos coherente con el principio ágil de mejora continua mediante la reflexión frecuente del equipo?,Implementar retrospectivas solo al cierre del proyecto para evitar interrupciones innecesarias.,Introducir ajustes al proceso al final de cada iteración según la retroalimentación del equipo.,"Usar retrospectivas periódicas para identificar mejoras en procesos, herramientas y colaboración.",Promover la experimentación con pequeños cambios en el flujo de trabajo tras cada Sprint.,S,N,N,N,,
6056,"¿Cuál de las siguientes opciones no refleja con exactitud uno de los valores o principios originales del Manifiesto Ágil, según lo descrito en el documento?",Aceptar cambios incluso en etapas avanzadas del desarrollo.,Individuos e interacciones sobre procesos y herramientas.,Completar la planificación del proyecto antes de la primera entrega funcional.,El software funcionando tiene más valor que la documentación extensa.,N,N,S,N,,"Menciona ""el documento"": probablemente generada"
6057,¿Cuál de las siguientes afirmaciones refleja incorrectamente el principio ágil que dice: 'La excelencia técnica y el buen diseño mejoran la agilidad'?,La calidad técnica es un factor secundario si el equipo logra entregar con rapidez.,El código bien estructurado facilita adaptaciones futuras y reduce la deuda técnica.,La excelencia técnica contribuye a mantener un ritmo de desarrollo sostenible.,Ignorar la calidad técnica puede afectar negativamente la velocidad de desarrollo a largo plazo.,S,N,N,N,,
6058,"En un contexto donde un equipo ágil debe decidir entre cumplir el alcance definido en un contrato o adaptar el producto a una nueva necesidad crítica del cliente, ¿cuál sería la decisión más alineada con los valores del Manifiesto Ágil?",Rechazar el cambio para no violar lo pactado contractualmente.,Solicitar una modificación del contrato antes de hacer cualquier ajuste.,"Adaptar el producto a la nueva necesidad, incluso si implica desviarse del contrato.",Escalar la decisión a la dirección para mantener el control contractual.,N,N,S,N,,
6059,¿Cuál de las siguientes frases resume más fielmente la idea de 'satisfacer al cliente mediante la entrega temprana y continua de software con valor'?,La clave está en cumplir todos los requisitos al final del proyecto.,El cliente se involucra únicamente en la fase de validación final.,Las entregas rápidas de software funcional permiten ajustar el rumbo del proyecto de forma temprana.,El desarrollo debe centrarse primero en la arquitectura completa antes de mostrar resultados.,N,N,S,N,,
6060,"¿Qué razón se da para priorizar la comunicación cara a cara, incluso en entornos de trabajo remoto?",Porque los canales digitales no permiten transmitir información técnica.,Porque las herramientas de gestión no se consideran confiables en Agile.,Porque la comunicación directa favorece la comprensión y evita malentendidos.,Porque el Manifiesto Ágil prohíbe explícitamente el trabajo distribuido.,N,N,S,N,,
6061,¿Cuál de las siguientes acciones violaría simultáneamente los principios ágiles de 'promover un desarrollo sostenible' y 'equipos motivados y autónomos'?,Aumentar la duración del Sprint para incorporar más funcionalidades sin consultar al equipo.,Dejar al equipo definir su propio ritmo de trabajo y su forma de organización.,Introducir mejoras incrementales sugeridas por los propios desarrolladores tras cada iteración.,Ajustar el alcance del Sprint con base en la capacidad estimada por el equipo técnico.,S,N,N,N,,
6208,"En el marco de Scrum, ¿cuál afirmación describe con mayor precisión el propósito y la relación entre el Sprint Backlog y el Product Backlog Refinement?","El Sprint Backlog se actualiza regularmente mediante refinamiento, donde se toman historias del Product Backlog priorizadas y se descomponen en tareas verificables, mientras se ajusta el alcance del Sprint según el progreso diario.","El Product Backlog Refinement es una ceremonia oficial que se celebra al principio de cada Sprint para añadir nueva funcionalidad al alcance del Sprint Backlog, sin descomposición en tareas.","Una vez seleccionado el Sprint Backlog al inicio del Sprint, no puede modificarse hasta su finalización: los cambios solo se autorizan mediante una nueva reunión de Refinement que crea un nuevo Sprint Backlog.",El Sprint Backlog incluye únicamente el objetivo del Sprint y no se puede tocar: todas las decisiones sobre alcance se gestionan exclusivamente en el Product Backlog Refinement tras la reunión del Sprint Review.,S,N,N,N,,
6210,¿Cuál de las siguientes afirmaciones describe con mayor detalle el propósito y la buena práctica del Product Backlog Refinement?,"Es una reunión formal incluida en el Scrum Guide, con duración máxima de 4¿horas, donde el Product Owner y equipo de desarrollo estiman todas las historias del backlog del próximo release.","Es una actividad continua, no una ceremonia formal rígida, en la que el equipo colabora para clarificar, estimar y dividir ítems del Product Backlog, manteniéndolos en un estado “ready” para futuros sprints.","Durante el refinamiento, el Scrum Master debe autorizar cambios en el alcance del Product Backlog solo al recibir señales externas, evitando que el equipo lo modifique interiormente.",El Product Backlog Refinement implica finalizar completamente todas las tareas detalladas del Sprint siguiente para que el equipo entre al Sprint completamente planificado sin ambigüedad.,N,S,N,N,,
6216,"En Scrum, si durante un Sprint Review el equipo detecta que un ítem del Sprint Backlog no cumplió con la 'Definition of Done' (DoD), ¿qué acción es la más alineada con el framework?",Automáticamente mover el ítem al siguiente Sprint sin revisión adicional.,Eliminar el ítem del Backlog definitivamente por incumplimiento.,"Devolver el ítem al Product Backlog para priorización futura, tras discutirlo con el Product Owner.",Extender la duración del Sprint actual hasta cumplir la DoD.,N,N,S,N,,
6219,"En un equipo Scrum que aplica Scrum@Scale, ¿cuál es el propósito principal de un Scrum of Scrums (SoS)?","Sincronizar múltiples equipos Scrum para escalar la entrega de valor, eliminando dependencias.",Reemplazar la Daily Scrum para equipos con más de 15 miembros.,Auditar el cumplimiento de la Definition of Done en todos los equipos.,Decidir qué equipos deben ser eliminados por bajo rendimiento.,S,N,N,N,,
6222,"Un equipo con Sprints de 2 semanas tiene un velocity promedio de 30 puntos, pero en el Sprint 6 solo completó 15. El Product Owner quiere cancelar el Sprint. ¿Qué condición debe cumplirse para que esto sea válido según Scrum?",El Sprint Goal está obsoleto (ej.: por un cambio regulatorio externo).,El 50% de las tareas están en riesgo de no cumplirse.,El equipo lleva 3 Sprints consecutivos sin mejorar su velocity.,El Scrum Master lo aprueba en reunión con los stakeholders.,S,N,N,N,,
6331,Indique cuál de las siguientes afirmaciones NO es correcta en relación a los métodos de desarrollo ágil:,En Scrum durante el Sprint no se realizan cambios que puedan afectar al objetivo del Sprint.,"Los elementos de la Lista de Producto seleccionados para el Sprint, más el plan para terminarlos, recibe el nombre de Lista de Pendientes del Sprint (Sprint Backlog).","El tiempo que se tarda en terminar cada tarea se debe medir, a ese tiempo se le llama lead time y cuenta desde que se hace una petición hasta que se hace la entrega.",El diagrama de Gantt es uno de los elementos fundamentales de un tablero de Kanban.,N,N,N,S,,
6332,"En relación a DevOps, indique cuál de las siguientes afirmaciones es correcta:",Lo equipos lanzan versiones de software en ciclos cortos.,"Cada equipo trabaja internamente sus procesos sin necesidad de compartir ni dar visibilidad, ya que se establecen inicialmente los objetivos y se planifica y distribuye el trabajo desde el principio.",Están perfectamente separados los procesos de desarrollo y de operaciones.,"En el proceso de entrega de software se evita el uso de automatización, para garantizar la calidad del desarrollo.",S,N,N,N,,
6392,"CASO PRÁCTICO 1: El equipo de TI (Tecnologías de la Información) que trabaja en el área de Soluciones Digitales para la Salud, ha experimentado un crecimiento significativo en la demanda de sus servicios. Con la finalidad de adaptarse a los cambios y a los nuevos requerimientos, sin que ello afecte al tiempo de respuesta y a la calidad del servicio y del producto, deciden incorporar en su forma de trabajo las mejores prácticas de gestión de proyectos y de servicios de TI, así como las metodologías ágiles, de esta forma, se pretende también fomentar la mejora continua, la comunicación así como la colaboración entre los miembros del equipo. En este marco de trabajo, para el desarrollo de varios proyectos que se les ha encomendado, responda a algunas de las cuestiones a las que deben enfrentarse: En uno de los proyectos deciden trabajar bajo el marco metodológico de Scrum, ¿qué elemento central en Scrum proporciona una visión general de todo el trabajo necesario para el producto?",Sprint Backlog.,Incremento.,Product Backlog.,Burndown Chart.,N,N,S,N,,
6393,"CASO PRÁCTICO 1: El equipo de TI (Tecnologías de la Información) que trabaja en el área de Soluciones Digitales para la Salud, ha experimentado un crecimiento significativo en la demanda de sus servicios. Con la finalidad de adaptarse a los cambios y a los nuevos requerimientos, sin que ello afecte al tiempo de respuesta y a la calidad del servicio y del producto, deciden incorporar en su forma de trabajo las mejores prácticas de gestión de proyectos y de servicios de TI, así como las metodologías ágiles, de esta forma, se pretende también fomentar la mejora continua, la comunicación así como la colaboración entre los miembros del equipo. En este marco de trabajo, para el desarrollo de varios proyectos que se les ha encomendado, responda a algunas de las cuestiones a las que deben enfrentarse: Dentro del marco de Scrum, ¿qué ocurre en la reunión de Sprint Review?",Es la fase donde el equipo analiza su desempeño y propone mejoras en su proceso de trabajo.,Se presenta el incremento del producto terminado y se obtiene retroalimentación de los interesados.,Se planifica en detalle cada tarea a realizar en los próximos meses.,Se asignan roles y responsabilidades fijas para todos los miembros del equipo.,N,S,N,N,,
6394,"CASO PRÁCTICO 1: El equipo de TI (Tecnologías de la Información) que trabaja en el área de Soluciones Digitales para la Salud, ha experimentado un crecimiento significativo en la demanda de sus servicios. Con la finalidad de adaptarse a los cambios y a los nuevos requerimientos, sin que ello afecte al tiempo de respuesta y a la calidad del servicio y del producto, deciden incorporar en su forma de trabajo las mejores prácticas de gestión de proyectos y de servicios de TI, así como las metodologías ágiles, de esta forma, se pretende también fomentar la mejora continua, la comunicación así como la colaboración entre los miembros del equipo. En este marco de trabajo, para el desarrollo de varios proyectos que se les ha encomendado, responda a algunas de las cuestiones a las que deben enfrentarse: El equipo decide adoptar el enfoque de Kanban para el control de flujos de trabajo, ¿qué tipo de diagrama se utiliza comúnmente en Kanban para visualizar el flujo de trabajo y el tiempo de ciclo?",Diagrama de Gantt.,Diagrama de flujo acumulativo (CFD).,Diagrama de casos de uso.,Diagrama de clases.,N,S,N,N,,
6395,"CASO PRÁCTICO 1: El equipo de TI (Tecnologías de la Información) que trabaja en el área de Soluciones Digitales para la Salud, ha experimentado un crecimiento significativo en la demanda de sus servicios. Con la finalidad de adaptarse a los cambios y a los nuevos requerimientos, sin que ello afecte al tiempo de respuesta y a la calidad del servicio y del producto, deciden incorporar en su forma de trabajo las mejores prácticas de gestión de proyectos y de servicios de TI, así como las metodologías ágiles, de esta forma, se pretende también fomentar la mejora continua, la comunicación así como la colaboración entre los miembros del equipo. En este marco de trabajo, para el desarrollo de varios proyectos que se les ha encomendado, responda a algunas de las cuestiones a las que deben enfrentarse: El equipo de TI ha adoptado los principios de Lean para optimizar sus procesos. ¿Cuál de los siguientes no es un principio fundamental del Lean Software Development?",Eliminar el desperdicio.,Amplificar el aprendizaje.,Decidir lo más tarde posible.,Maximizar la documentación exhaustiva.,N,N,N,S,,
6498,"En la metodología LEAN aplicada al desarrollo de software, ¿cuál de los siguientes conceptos describe mejor el objetivo de eliminar desperdicios (""waste"")?","Minimizar la documentación del código fuente para reducir tiempos de desarrollo, promoviendo la adopción del enfoque Agile.",Evitar el desarrollo de características que no aporten valor real al usuario final.,Reducir la interacción con el cliente para evitar retrasos en la toma de decisiones.,Limitar la refactorización del código para reducir el número de iteraciones en el desarrollo.,N,S,N,N,,
6588,"CASO PRÁCTICO 5: El Servicio Andaluz de Salud, en su plan de transformación de grandes soluciones digitales, decide apostar por la renovación tecnológica de su principal herramienta de gestión logística a través de una de sus factorías de software: Para su puesta en producción se va a escoger un grupo de usuarios antes del despliegue completo para realizar tareas de beta-testing. ¿Qué patrón de despliegue y entrega continua podría utilizarse?",Honeypot Pattern.,Prototype Pattern.,Canary Development.,Observer Pattern.,N,N,S,N,,
6720,"En Scrum, Product Burndown chart es:",Gráfico en el que se muestra las horas pendientes para completar las tareas de la iteración,Gráfico en el que se muestra las horas pendientes para completar los requisitos del producto,Gráfico en el que se muestra los días pendientes para completar las tareas de la iteración,Gráfico en el que se muestra los días pendientes para completar los requisitos del producto,N,N,N,S,,
6721,El Scrum Master es,El Director o Jefe de Proyecto,El Product Owner,El Facilitador,El Cliente,N,N,S,N,,
6722,El Product Owner,Establece reuniones conjuntas con el cliente y el equipo de desarrollo para establecer requisitos del proyecto,No forma parte del equipo de desarrollo,Es el único perfil que habla constantemente con el cliente,Es el responsable de aplicar las técnicas Scrum,N,N,S,N,,
6756,Indica cuál de los siguientes no es un principio de la metodología LEAN aplicada al desarrollo del Software,Ampliar el aprendizaje,Decidir lo antes posible,Eliminar desperdicios,Potenciar el equipo,N,S,N,N,,
6792,"En gestión de proyectos, si hablamos de Product Owner y pila del producto qué metodología estaríamos usando?",SCRUM,LEAN,KANBAN,GANTT,S,N,N,N,,
6797,"Según los principios ágiles, las mejores arquitecturas, requisitos y diseños emergen de:",Equipos ágiles.,Equipos multidisciplinares.,Equipos autoorganizados.,La interacción de varios equipos.,N,N,S,N,,
6837,"En Scrum, el bloque de tiempo (time-box) de un mes o menos durante el cual se crea un incremento de producto “Terminado”, utilizable y potencialmente desplegable se llama:",Sprint,Product Backlog,Time Done,Daily Scrum,S,N,N,N,,
6865,Indica cuál de los siguientes no es un principio de la metodología LEAN aplicada al desarrollo del Software,Ampliar el aprendizaje,Decidir lo antes posible,Eliminar desperdicios,Potenciar el equipo,N,S,N,N,,
6872,Indique cuál de las siguientes afirmaciones no es correcta en relación a los Métodos de desarrollo ágil:,La burndown chart es una gráfica mostrada públicamente que mide la cantidad de requisitos en el Backlog del proyecto pendientes al comienzo de cada Sprint.,En Scrum el cliente puede empezar a utilizar las características más importantes del proyecto antes de que esté completamente terminado.,En Kanban se debe definir cuántas tareas como mínimo pueden realizarse en cada fase del ciclo de trabajo.,"El tiempo que se tarda en terminar cada tarea se debe medir, a ese tiempo se le llama LEAD TIME y cuenta desde que se hace una petición hasta que se hace la entrega.",N,N,S,N,,
6901,Indica cuál de las siguientes afirmaciones no es correcta en relación a los métodos de desarrollo ágil:,La burndown chart es una gráfica mostrada públicamente que mide la cantidad de requisitos en el Backlog del proyecto pendientes al comienzo de cada sprint.,En Scrum el cliente puede empezar a utilizar las características más importantes del proyecto antes de que esté completamente terminado.,En Kanban se debe definir cuántas tareas como mínimo pueden realizarse en cada fase del ciclo de trabajo.,"El tiempo que se tarda en terminar cada tarea se debe medir, a ese tiempo se le llama LEAD TIME y cuenta desde que se hace una petición hasta que se hace la entrega.",N,N,S,N,,
6902,"En Scrum, el bloque de tiempo (time-box) de un mes o menos durante el cual se crea un incremento de producto ""Terminado"", utilizable y potencialmente desplegable se llama:",Sprint.,Product Backlog.,Time Done.,Daily Scrum.,S,N,N,N,,
6921,Cuál de las siguientes no es una metodología de desarrollo ágil:,Extreme Programming XP,Kanban,Waterfall,Scrumban,N,N,S,N,,
7011,Es considerada como metodologia agil de gestion de proyectos:,Kanban,Scrum,Extrem Programming (XP),Todas son correctas,N,N,N,S,,
7012,"En Scrum, el bloque de tiempo (time-box) de un mes o menos durante el cual se crea un incremento de producto terminado, utilizable y potencialmente desplegable se llama:",Sprint,Product Backlog,Time Done,Daily Scrum,S,N,N,N,,
7040,Es un principio de la metodología LEAN:,Reducir el equipo de trabajo,Eliminar desperdicios,Minimizar el uso de recursos,No contemplar el riesgo,N,S,N,N,,
7041,"El responsable del cumplimiento de las reglas de un marco de Scrum técnico, asegurando que se entienden en la organización y se trabaja conforme a ellas se llama:",Scrum máster,Coordinador del proyecto,Todo el equipo de desarrollo,Ninguna es correcta,S,N,N,N,,
7066,"En Lean Software Development, uno de los siete desperdicios (wastes) adaptados del TPS es el «Handoff» (traspaso de información entre equipos o personas). ¿Cuál de las siguientes situaciones en un equipo Scrum ejemplifica MEJOR este desperdicio, según la interpretación de Mary y Tom Poppendieck?",El Product Owner refina la pila de producto (backlog) sin la participación del equipo de desarrollo.,El equipo retiene una historia de usuario sin terminar al final del Sprint por falta de validación de pruebas no funcionales.,El tester espera tres días a que el desarrollador documente un endpoint en Swagger antes de comenzar las pruebas de integración.,El DevOps despliega en producción una funcionalidad que nadie ha solicitado explícitamente.,N,N,S,N,,
7106,"En Scrum, ¿quién es responsable de maximizar el valor del producto y del Product Backlog?",El Scrum Master,El Product Owner,El equipo de desarrollo,El Project Manager,N,S,N,N,,
7108,"¿Cuál de las siguientes es una técnica LEAN para la visualización del flujo de trabajo y la gestión de tareas mediante columnas de estados (Por hacer, En progreso, Hecho)?",Gantt,Kanban,CPM (Critical Path Method),PERT,N,S,N,N,,
7109,¿Cuál de los siguientes elementos forma parte esencial de un tablero Kanban para visualizar el flujo de trabajo?,Un diagrama de Gantt,Columnas que representan los estados del proceso,Un cronograma detallado,Un registro de incidencias,N,S,N,N,,
9564,Una característica de las metodologías ágiles es...,Documentación pesada.,Planes no adaptables.,Procesos rígidos.,Entregas rápidas e iterativas.,N,N,N,S,,
